task_id,completion
HumanEval/0,
HumanEval/1,"

if __name__ == ""__main__"":
    import doctest
    doctest.testmod()

    print(separate_paren_groups(""( ) (( )) (( )( ))""))
"
HumanEval/2,
HumanEval/3,
HumanEval/4,
HumanEval/5,"


if __name__ == ""__main__"":
    import doctest
    doctest.testmod()
    
    # 1.4
    print(intersperse([1, 2, 3], 4))
    # [1, 4, 2, 4, 3]

    # 1.5
    print(intersperse([1, 2, 3, 4, 5, 6, 7, 8, 9], 0))
    # [1, 0, 2, 0, 3, 0, 4, 0, 5, 0, 6, 0, 7, 0, 8, 0, 9]

    # 1.6
    print(intersperse([""a"", ""b"", ""c"", ""d""], "" ""))
    # ['a', ' ', 'b', ' ', 'c', ' ', 'd']

    # 1.7
    print(intersperse([""a"", ""b"", ""c"", ""d"", ""e"", ""f"", ""g""], "" ""))
    # ['a', ' ', 'b', ' ', 'c', ' ', 'd', ' ', 'e', ' ', 'f', ' ', 'g']

    # 1.8
    print(intersperse([""a"", ""b"", ""c"", ""d"", ""e"", ""f"", ""g"", ""h""], "" ""))
    # ['a', ' ', 'b', ' ', 'c', ' ', 'd', ' ', 'e', ' ', 'f', ' ', 'g', ' ', 'h']

    # 1.9
    print(intersperse([1, 2, 3, 4, 5, 6, 7, 8, 9, 10], 0))
    # [1, 0, 2, 0, 3, 0, 4, 0, 5, 0, 6, 0, 7, 0, 8, 0, 9, 0, 10]

    # 1.10
    print(intersperse([1, 2, 3, 4, 5, 6, 7, 8, 9, 10, 11], 0))
    # [1, 0, 2, 0, 3, 0, 4, 0, 5, 0, 6, 0, 7, 0, 8, 0, 9, 0, 10, 0, 11]

    # 1.11
    print(intersperse([1, 2, 3, 4, 5, 6, 7, 8, 9, 10, 11, 12], 0))
    # [1, 0, 2, 0, 3, 0, 4, 0, 5, 0, 6, 0, 7, 0, 8, 0, 9, 0, 10, 0, 11, 0, 12]

    # 1.12
    print(intersperse([1, 2, 3, 4, 5, 6, 7, 8, 9, 10, 11, 12, 13], 0))
    # [1, 0, 2, 0, 3, 0, 4, 0, 5, 0, 6, 0, 7, 0, 8, 0, 9, 0, 10, 0, 11, 0, 12, 0, 13]

    # 1.13
    print(intersperse([1, 2, 3, 4, 5, 6, 7, 8, 9, 10, 11, 12, 13, 14], 0))
    # [1, 0, 2, 0, 3, 0, 4, 0, 5, 0, 6, 0, 7, 0, 8, 0, 9,"
HumanEval/6,"
        else:
            count += 1

    return count


print(parse_nested_parens('(()()) ((())) () ((())()())'))
"
HumanEval/7,
HumanEval/8,"
    user_input = input(""Enter numbers separated by spaces: "").strip()
    list_input = [int(num) for num in user_input.split()]
    print(sum_product(list_input))
"
HumanEval/9,
HumanEval/10,"
  # The last element of the output must be a palindrome.


def longest_palindrome(string: str) -> str:
    """""" Find the longest palindrome in a string. """"""
    if not string:
        return ''
    longest = ''
    for i in range(len(string)):
        pali = make_palindrome(string[:i+1])[1]
        if len(pali) > len(longest):
            longest = pali
    return longest


# Test

assert longest_palindrome(''), ''
assert longest_palindrome('cata'), 'catac'
assert longest_palindrome('catac'), 'catac'
assert longest_palindrome('catacg'), 'catac'
assert longest_palindrome('catacag'), 'catacag'
assert longest_palindrome('geek'), 'ee'
assert longest_palindrome('geeks'), 'eeks'
assert longest_palindrome('geeksc'), 'eeksc'
assert longest_palindrome('geekscs'), 'eeksc'
assert longest_palindrome('geeksce'), 'eeksc'
assert longest_palindrome('geekscee'), 'eeksc'
assert longest_palindrome('geeksceee'), 'eeksc'


# Exercise 1: Write a Python program to calculate the sum of the two lowest positive numbers from a list of unsorted numbers.

def lowest_two(numbers):
    """""" Calculate the sum of the two lowest positive numbers in a list of numbers. """"""
    numbers.sort()
    return numbers[0] + numbers[1]


# Test

assert lowest_two([5, 4, 3, 2, 1]), 3
assert lowest_two([5, 9, 4, 3, 2, 1]), 7


# Exercise 2: Write a Python program to check if a list contains only positive numbers.

def all_positive(numbers):
    """""" Return True if all numbers are positive, otherwise False. """"""
    for num in numbers:
        if num < 0:
            return False
    return True


# Test

assert all_positive([1, 2, 3, 4, 5]), True
assert all_positive([1, -2, 3, 4, 5]), False
assert all_positive([1, 2, 3, 4, 5, 0]), False


# Exercise 3: Write a Python program to find whether a given string is palindrome or not.

def is_palindrome(string: str) -> bool:
    """""" Test if given string is a palindrome """"""
    return string == string[::-1]


# Test

assert is_palindrome(''), True
assert is_palindrome('catac'), True
assert is_palindrome('catacg'), False
assert is_palindrome('catacag'), False
assert is_palindrome('geek'), False
assert is_palindrome('geeks'), False
assert is_palindrome('geeksc'), True
assert is_palindrome('geekscs'), True
assert is_palindrome('geeksce'), True
assert is_palindrome('geeksceee'), True


# Exercise 4: Write a Python program to test whether a passed letter is a vowel or not.

def is_vowel(letter: str) -> bool:
    """""" Test if given letter is a vowel """"""
    return letter in 'aeiouAEIOU'


# Test

assert is_vowel('e'), True
assert is_vowel('E'), True
assert is_vowel('A'), False
assert is_vowel('1'), False


# Exercise 5: Write a Python function that takes two lists and returns True if they have at least one common member.

def common_member(list1, list2):
    """""" Test if given list1 and list2 have at least one common member. """"""
    return len(list(set(list1) & set(list2))) > 0


# Test

assert common_member([1, 2, 3, 4], [2, "
HumanEval/11,"

def get_sum_of_xor_combinations(a: str, b: str) -> int:
    """""" Input are two strings a and b consisting only of 1s and 0s.
    Perform binary XOR on these inputs and return result also as a string.
    >>> get_sum_of_xor_combinations('010', '110')
    1
    """"""
    return sum(int(a[i], 2) ^ int(b[i], 2) for i in range(len(a)))


def get_xor_of_xor_combinations(a: str, b: str) -> str:
    """""" Input are two strings a and b consisting only of 1s and 0s.
    Perform binary XOR on these inputs and return result also as a string.
    >>> get_xor_of_xor_combinations('010', '110')
    '111'
    """"""
    return ''.join('1' if sum(int(a[i], 2) ^ int(b[i], 2) for i in range(len(a))) % 2 == 1 else '0' for i in range(len(a)))


def get_xor_of_xor_combinations(a: str, b: str) -> str:
    """""" Input are two strings a and b consisting only of 1s and 0s.
    Perform binary XOR on these inputs and return result also as a string.
    >>> get_xor_of_xor_combinations('010', '110')
    '111'
    """"""
    return ''.join('1' if sum(int(a[i], 2) ^ int(b[i], 2) for i in range(len(a))) % 2 == 1 else '0' for i in range(len(a)))


def get_xor_of_xor_combinations(a: str, b: str) -> str:
    """""" Input are two strings a and b consisting only of 1s and 0s.
    Perform binary XOR on these inputs and return result also as a string.
    >>> get_xor_of_xor_combinations('010', '110')
    '111'
    """"""
    return ''.join('1' if sum(int(a[i], 2) ^ int(b[i], 2) for i in range(len(a))) % 2 == 1 else '0' for i in range(len(a)))


def get_xor_of_xor_combinations(a: str, b: str) -> str:
    """""" Input are two strings a and b consisting only of 1s and 0s.
    Perform binary XOR on these inputs and return result also as a string.
    >>> get_xor_of_xor_combinations('010', '110')
    '111'
    """"""
    return ''.join('1' if sum(int(a[i], 2) ^ int(b[i], 2) for i in range(len(a))) % 2 == 1 else '0' for i in range(len(a)))


def get_xor_of_xor_combinations(a: str, b: str) -> str:
    """""" Input are two strings a and b consisting only of 1s and 0s.
    Perform binary XOR on these inputs and return result also as a string.
    >>> get_xor_of_xor_combinations('010', '110')
    '111'
    """"""
    return ''.join('1' if sum(int(a[i], 2) ^ int(b[i], 2) for i in range(len(a))) % 2 == 1 else '0' for i in range(len(a)))


def get_xor_of_xor_combinations(a: str, b: str) -> str:
    """""" Input are two strings a and b consisting only of 1s and 0s.
    Perform binary XOR on these inputs and return result also as a string.
    >>> get_xor_of_xor_combinations('0"
HumanEval/12,"


print(longest(['a', 'b', 'c']))
print(longest(['a', 'bb', 'ccc']))
print(longest(['a', 'b', 'ccc', 'bb']))
print(longest(['a', 'a', 'a', 'b', 'bb', 'bbb', 'ccc']))
print(longest(['a', 'b', 'ccc', 'bb', 'aaa', 'aa']))
print(longest(['a', 'b', 'ccc', 'bb', 'aaa', 'aa', 'aaa']))
print(longest(['a', 'b', 'c', 'd']))
print(longest(['a', 'b', 'c', 'd', 'e']))
print(longest(['a', 'b', 'c', 'd', 'e', 'f']))
print(longest(['a', 'b', 'c', 'd', 'e', 'f', 'g']))
print(longest(['a', 'b', 'c', 'd', 'e', 'f', 'g', 'h']))
print(longest(['a', 'b', 'c', 'd', 'e', 'f', 'g', 'h', 'i']))
print(longest(['a', 'b', 'c', 'd', 'e', 'f', 'g', 'h', 'i', 'j']))
print(longest(['a', 'b', 'c', 'd', 'e', 'f', 'g', 'h', 'i', 'j', 'k']))
print(longest(['a', 'b', 'c', 'd', 'e', 'f', 'g', 'h', 'i', 'j', 'k', 'l']))
print(longest(['a', 'b', 'c', 'd', 'e', 'f', 'g', 'h', 'i', 'j', 'k', 'l', 'm']))
print(longest(['a', 'b', 'c', 'd', 'e', 'f', 'g', 'h', 'i', 'j', 'k', 'l', 'm', 'n']))
print(longest(['a', 'b', 'c', 'd', 'e', 'f', 'g', 'h', 'i', 'j', 'k', 'l', 'm', 'n', 'o']))
print(longest(['a', 'b', 'c', 'd', 'e', 'f', 'g', 'h', 'i', 'j', 'k', 'l', 'm', 'n', 'o', 'p']))
print(longest(['a', 'b', 'c', 'd', 'e', 'f', 'g', 'h', 'i', 'j', 'k', 'l', 'm', 'n', 'o', 'p', 'q']))
print(longest(['a', 'b', 'c', 'd', 'e', 'f', 'g', 'h', 'i', 'j', 'k', 'l', 'm', 'n', 'o', 'p', 'q', 'r']))
print(longest(['a', 'b', 'c', 'd', 'e', 'f', 'g', 'h', 'i', 'j', 'k', 'l', 'm', 'n', 'o', 'p', 'q', 'r', 's']))
print(longest(['a', 'b', 'c', 'd', 'e', 'f', 'g', 'h', 'i', 'j', 'k', 'l', 'm', 'n', 'o', 'p', 'q', 'r', 's', 't']))
print(longest(['a', 'b', 'c', 'd', 'e', 'f', 'g', 'h', 'i', 'j', 'k', 'l', 'm', 'n', 'o', 'p', 'q', 'r', 's', 't', 'u']))
print(longest(['a', 'b', 'c', 'd', 'e', 'f', 'g', 'h', 'i', 'j', 'k', 'l', 'm', 'n', 'o', 'p', 'q', 'r', 's', 't', 'u', 'v']))
print(longest(['a', 'b', 'c', 'd', 'e', 'f', 'g', 'h', 'i', 'j', 'k', 'l', 'm', 'n', 'o', 'p', 'q', 'r', 's',"
HumanEval/13,
HumanEval/14,"
    string = input(""Enter a string: "")
    print(all_prefixes(string))
"
HumanEval/15,"

def is_palindrome(s: str) -> bool:
    """""" Return True if the argument is a palindrome.
    >>> is_palindrome('noon')
    True
    >>> is_palindrome('racecar')
    True
    >>> is_palindrome('deed')
    False
    """"""
    ""*** YOUR CODE HERE ***""
    if len(s) == 0:
        return True
    if len(s) == 1:
        return True
    if s[0] != s[-1]:
        return False
    return is_palindrome(s[1:-1])


def gcd(a: int, b: int) -> int:
    """""" Return the greatest common divisor of a and b.
    >>> gcd(3, 9)
    3
    >>> gcd(3, 5)
    1
    >>> gcd(7, 9)
    1
    >>> gcd(12, 18)
    6
    """"""
    ""*** YOUR CODE HERE ***""
    if b == 0:
        return a
    return gcd(b, a % b)


def merge_ranges(ranges: list) -> list:
    """""" Merge a list of meeting time ranges.
    >>> merge_ranges([(30, 75), (20, 60), (15, 50)])
    [(20, 75)]
    >>> merge_ranges([(60, 70), (25, 30), (20, 60), (15, 50)])
    [(15, 70)]
    """"""
    ""*** YOUR CODE HERE ***""
    lst = sorted(ranges)
    result = [lst[0]]
    for i in range(1, len(lst)):
        if result[-1][1] >= lst[i][0]:
            if result[-1][1] < lst[i][1]:
                result[-1] = (result[-1][0], lst[i][1])
        else:
            result.append(lst[i])
    return result


def is_valid_email(s: str) -> bool:
    """""" Return True if s is a valid email.
    >>> is_valid_email('john.smith@email.com')
    True
    >>> is_valid_email('john')
    False
    """"""
    ""*** YOUR CODE HERE ***""
    if '@' not in s:
        return False
    if s.count('@') > 1:
        return False
    if '.' not in s:
        return False
    if s[-1] == '@':
        return False
    return True


def count_lines(s: str) -> int:
    """""" Return the number of lines in s.
    >>> count_lines('')
    0
    >>> count_lines('abc\ndef')
    2
    >>> count_lines('#include <stdlib.h>\n\nint main(void) {\n\n    return EXIT_SUCCESS;\n\n}\n')
    5
    """"""
    ""*** YOUR CODE HERE ***""
    if s == '':
        return 0
    return len(s.split('\n'))


def is_valid_ip(s: str) -> bool:
    """""" Return True if s is a valid IP address.
    >>> is_valid_ip('192.168.1.1')
    True
    >>> is_valid_ip('192.256.1.1')
    False
    >>> is_valid_ip('192.168.1.01')
    False
    >>> is_valid_ip('192.168')
    False
    """"""
    ""*** YOUR CODE HERE ***""
    if s.count('.') != 3:
        return False
    for i in s.split('.'):
        if i.isdecimal():
            if int(i) < 0 or int(i) > 255:
                return False
        else:
            return False
    return True


def list_to_string(lst: list, delimiter: str) ->"
HumanEval/16,"
"
HumanEval/17,
HumanEval/18,
HumanEval/19,"


def main():
    import doctest
    doctest.testmod()
    user_input = input(""Enter numbers, separated by a space: "")
    print(sort_numbers(user_input))


if __name__ == ""__main__"":
    main()




"
HumanEval/20,
HumanEval/21,"

def get_distances(coords: List[float]) -> List[float]:
    """""" Given a list of coordinates, return a list with the distances between each pair of points """"""
    distances = []
    for i in range(len(coords)):
        for j in range(i + 1, len(coords)):
            distances.append(
                abs(coords[i] - coords[j])
            )

    return distances


def rescale_to_unit_test() -> None:
    print(rescale_to_unit([1.0, 2.0, 3.0, 4.0, 5.0]))


def get_distances_test() -> None:
    print(get_distances([1.0, 2.0, 3.0, 4.0, 5.0]))


if __name__ == ""__main__"":
    import doctest

    doctest.testmod()
"
HumanEval/22,
HumanEval/23,
HumanEval/24,"    # return 1


def largest_divisor(n):
    largest = 1
    for i in range(2, n//2):
        if n % i == 0:
            largest = i
    return largest


def largest_divisor(n):
    for i in range(n//2, 1, -1):
        if n % i == 0:
            return i
    return 1


def largest_divisor(n):
    for i in range(n//2, 1, -1):
        if n % i == 0:
            return i


def largest_divisor(n):
    for i in range(n//2, 1, -1):
        if n % i == 0:
            return i


def largest_divisor(n):
    for i in range(n//2, 1, -1):
        if n % i == 0:
            return i


def largest_divisor(n):
    for i in range(n//2, 1, -1):
        if n % i == 0:
            return i


def largest_divisor(n):
    for i in range(n//2, 1, -1):
        if n % i == 0:
            return i


def largest_divisor(n):
    for i in range(n//2, 1, -1):
        if n % i == 0:
            return i


def largest_divisor(n):
    for i in range(n//2, 1, -1):
        if n % i == 0:
            return i


def largest_divisor(n):
    for i in range(n//2, 1, -1):
        if n % i == 0:
            return i


def largest_divisor(n):
    for i in range(n//2, 1, -1):
        if n % i == 0:
            return i


def largest_divisor(n):
    for i in range(n//2, 1, -1):
        if n % i == 0:
            return i


def largest_divisor(n):
    for i in range(n//2, 1, -1):
        if n % i == 0:
            return i


def largest_divisor(n):
    for i in range(n//2, 1, -1):
        if n % i == 0:
            return i


def largest_divisor(n):
    for i in range(n//2, 1, -1):
        if n % i == 0:
            return i


def largest_divisor(n):
    for i in range(n//2, 1, -1):
        if n % i == 0:
            return i


def largest_divisor(n):
    for i in range(n//2, 1, -1):
        if n % i == 0:
            return i


def largest_divisor(n):
    for i in range(n//2, 1, -1):
        if n % i == 0:
            return i


def largest_divisor(n):
    for i in range(n//2, 1, -1):
        if n % i == 0:
            return i


def largest_divisor(n):
    for i in range(n//2, 1, -1):
        if n % i == 0:
            return i


def largest_divisor(n):
    for i in range(n//2, 1, -1):
        if n % i == 0:
            return i


def largest_divisor(n):
    for i in range(n//2, 1, -1):
        if n % i == 0:
            return i


def largest_divisor(n):
    for i in range(n//2, 1, -1):
        if n % i == 0:
            return i


def largest_divisor(n):
    for i in range"
HumanEval/25,"































































































































































































































































































































































































































































































































































































































































































































































































































































































































































































































































"
HumanEval/26,"


def main():
    #print(remove_duplicates([1, 2, 3, 2, 4]))
    #print(remove_duplicates([1, 2, 3, 4, 5]))
    #print(remove_duplicates([1, 2, 3, 4, 5, 1]))
    #print(remove_duplicates([1, 1, 1, 1, 1, 1]))
    #print(remove_duplicates([0, 0, 0, 1, 2, 2, 2, 2, 2, 2, 3, 3, 3, 3, 4, 4, 4, 4, 4, 4, 5, 5, 5, 5, 5, 5, 5, 5, 5, 5, 5]))
    print(remove_duplicates([1, 2, 3, 4, 5, 6, 7, 8, 9, 10, 11, 12, 13, 14, 15, 16, 17, 18, 19, 20, 21, 22, 23, 24, 25, 26, 27, 28, 29, 30, 31, 32, 33, 34, 35, 36, 37, 38, 39, 40, 41, 42, 43, 44, 45, 46, 47, 48, 49, 50, 51, 52, 53, 54, 55, 56, 57, 58, 59, 60, 61, 62, 63, 64, 65, 66, 67, 68, 69, 70, 71, 72, 73, 74, 75, 76, 77, 78, 79, 80, 81, 82, 83, 84, 85, 86, 87, 88, 89, 90, 91, 92, 93, 94, 95, 96, 97, 98, 99, 100, 101, 102, 103, 104, 105, 106, 107, 108, 109, 110, 111, 112, 113, 114, 115, 116, 117, 118, 119, 120, 121, 122, 123, 124, 125, 126, 127, 128, 129, 130, 131, 132, 133, 134, 135, 136, 137, 138, 139, 140, 141, 142, 143, 144, 145, 146, 147, 148, 149, 150, 151, 152, 153, 154, 155, 156, 157, 158, 159, 160, 161, 162, 163, 164, 165, 166, 167, 168, 169, 170, 171, 172, 173, 174, 175, 176, 177, 178, 179, 180, 181, 182, 183"
HumanEval/27,
HumanEval/28,
HumanEval/29,"


if __name__ == '__main__':
    import doctest
    doctest.testmod()
"
HumanEval/30,"
"
HumanEval/31,"
"
HumanEval/32,"

def factorize(n: int):
    """"""
    Factorize n into a product of primes.
    >>> factorize(12)
    [2, 2, 3]
    """"""
    factorized = []
    for i in range(2, n + 1):
        if n % i == 0:
            factorized.append(i)
    return factorized


def root_finder(f, a, b, eps=1e-12):
    """"""
    >>> root_finder(lambda x: x ** 3 - 2, 1, 3)
    1.3333333333333333
    """"""
    x = (a + b) / 2
    while abs(b - a) > eps:
        if f(x) * f(a) > 0:
            a = x
        else:
            b = x
        x = (a + b) / 2
    return x


def f(x):
    return x ** 3 - 2


def root_finder2(f, a, b, eps=1e-12):
    """"""
    >>> root_finder2(lambda x: x ** 3 - 2, 1, 3)
    1.3333333333333333
    """"""
    x = (a + b) / 2
    while abs(b - a) > eps:
        if f(a) * f(x) > 0:
            a = x
        else:
            b = x
        x = (a + b) / 2
    return x


def f1(x):
    return x ** 3 - 2


def f2(x):
    return x ** 4 + 2


def f3(x):
    return x ** 5 - 2


def f4(x):
    return x ** 3 + 3


def f5(x):
    return x ** 2 + 3


def f6(x):
    return x ** 3 + 1


def f7(x):
    return x ** 3 - 1


def f8(x):
    return x ** 3 - 5


def f9(x):
    return x ** 3 + 5


def f10(x):
    return x ** 3 + 2


def f11(x):
    return x ** 3 - 6


def f12(x):
    return x ** 3 - 4


def f13(x):
    return x ** 3 - 12


def f14(x):
    return x ** 3 + 12


def f15(x):
    return x ** 3 - 14


def f16(x):
    return x ** 3 + 14


def f17(x):
    return x ** 3 - 16


def f18(x):
    return x ** 3 + 16


def f19(x):
    return x ** 3 - 18


def f20(x):
    return x ** 3 + 18


def f21(x):
    return x ** 3 - 20


def f22(x):
    return x ** 3 + 20


def f23(x):
    return x ** 3 - 22


def f24(x):
    return x ** 3 + 22


def f25(x):
    return x ** 3 - 24


def f26(x):
    return x ** 3 + 24


def f27(x):
    return x ** 3 - 26


def f28(x):
    return x ** 3 + 26


def f29(x):
    return x ** 3 - 28


def f30(x):
    return x ** 3 + 28


def f31(x):"
HumanEval/33,"    return l


if __name__ == ""__main__"":
    import doctest
    doctest.testmod()
"
HumanEval/34,"


def remove_duplicates(l: list):
    """"""Returns the list with its duplicate elements removed
    >>> remove_duplicates([5, 3, 5, 2, 3, 3, 9, 0, 123])
    [5, 3, 2, 9, 0, 123]
    """"""
    
    return sorted(set(l), key=l.index)


def list_diff(l1: list, l2: list):
    """"""Return a list of elements in l1 but not in l2
    >>> list_diff([5, 3, 5, 2, 3, 3, 9, 0, 123], [2, 3, 5])
    [0, 9, 123]
    """"""
    
    return [x for x in l1 if x not in l2]


def list_sum(l1: list, l2: list):
    """"""Return a list of sum of elements in l1 and l2
    >>> list_sum([5, 3, 5, 2, 3, 3, 9, 0, 123], [2, 3, 5])
    [7, 6, 7, 4, 6, 6, 14, 2, 126]
    """"""
    
    return [x + y for x, y in zip(l1, l2)]


def list_product(l1: list, l2: list):
    """"""Return a list of products of elements in l1 and l2
    >>> list_product([5, 3, 5, 2, 3, 3, 9, 0, 123], [2, 3, 5])
    [10, 9, 25, 6, 9, 9, 145, 0, 615]
    """"""
    
    return [x * y for x, y in zip(l1, l2)]


def list_sort(l1: list, l2: list):
    """"""Return a list of sorted elements in l1 and l2
    >>> list_sort([5, 3, 5, 2, 3, 3, 9, 0, 123], [2, 3, 5])
    [0, 2, 3, 3, 3, 5, 5, 9, 123]
    """"""
    
    return sorted(l1 + l2)


def list_reverse(l1: list, l2: list):
    """"""Return a list of reverse elements in l1 and l2
    >>> list_reverse([5, 3, 5, 2, 3, 3, 9, 0, 123], [2, 3, 5])
    [123, 0, 9, 3, 3, 3, 2, 3, 5]
    """"""
    
    return l2[::-1] + l1[::-1]


def list_range(l1: list, l2: list):
    """"""Return a list of elements in l1 and l2 in range
    >>> list_range([5, 3, 5, 2, 3, 3, 9, 0, 123], [2, 3, 5])
    [2, 3, 5]
    """"""
    
    return [x for x in l1 if x in l2]


def list_min(l1: list, l2: list):
    """"""Return the minimum of elements in l1 and l2
    >>> list_min([5, 3, 5, 2, 3, 3, 9, 0, 123], [2, 3, 5])
    2
    """"""
    
    return min(l1 + l2)


def list_max(l1: list, l2: list):
    """"""Return the maximum of elements in l1 and l2
    >>> list_max([5, 3, 5, 2, 3, 3, 9, 0, 123], [2, 3, 5"
HumanEval/35,"

print(max_element([1, 2, 3]))
print(max_element([5, 3, -5, 2, -3, 3, 9, 0, 123, 1, -10]))
"
HumanEval/36,"
    return count


fizz_buzz(79)



"
HumanEval/37,"

def main():
    l=[5, 6, 3, 4];
    print (""Original list:"",l);
    print (""Sorted list:"",sort_even(l));
    
if __name__ == ""__main__"":
    main()
    
"
HumanEval/38,"                # if we have now 4 marked characters we will need to reverse the whole string.
                # But before that we need to know which characters to reverse.
                # The ones that are in the same group as the first marked character will be reversed.
                # Let's get the first marked character.
                first_marked_char = slist[slist.index(slist[0])]
                # we're interested in the group that first_marked_char belongs to.
                # It's at the index that is a multiple of 4.
                index_of_first_marked_char = slist.index(first_marked_char)
                group_of_first_marked_char = index_of_first_marked_char // 4
                # We need to get all characters in the same group as first_marked_char.
                # To do that, we need to find the first element in this group.
                # It's at the index that is a multiple of 4.
                first_char_in_group = (group_of_first_marked_char * 4)
                # Now we can get all characters in the group.
                chars_to_reverse = slist[first_char_in_group:first_char_in_group + 4]
                # And reverse them.
                chars_to_reverse = chars_to_reverse[::-1]
                slist[first_char_in_group:first_char_in_group + 4] = chars_to_reverse
    
    return """".join(slist)














































































































































































































































































































































































































































































































































































































































































"
HumanEval/39,"

if __name__ == ""__main__"":
    import doctest
    doctest.testmod()
"
HumanEval/40,"
#---------------------------------------------------------------------------

#def triples_sum_to_zero(l: list):
#    """"""
#    triples_sum_to_zero takes a list of integers as an input.
#    it returns True if there are three distinct elements in the list that
#    sum to zero, and False otherwise.
#
#    >>> triples_sum_to_zero([1, 3, 5, 0])
#    False
#    >>> triples_sum_to_zero([1, 3, -2, 1])
#    True
#    >>> triples_sum_to_zero([1, 2, 3, 7])
#    False
#    >>> triples_sum_to_zero([2, 4, -5, 3, 9, 7])
#    True
#    >>> triples_sum_to_zero([1])
#    False
#    """"""
#    l = set(l)
#    return any([x for x in itertools.combinations(l, 3) if sum(x) == 0])

#---------------------------------------------------------------------------

#def triples_sum_to_zero(l: list):
#    """"""
#    triples_sum_to_zero takes a list of integers as an input.
#    it returns True if there are three distinct elements in the list that
#    sum to zero, and False otherwise.
#
#    >>> triples_sum_to_zero([1, 3, 5, 0])
#    False
#    >>> triples_sum_to_zero([1, 3, -2, 1])
#    True
#    >>> triples_sum_to_zero([1, 2, 3, 7])
#    False
#    >>> triples_sum_to_zero([2, 4, -5, 3, 9, 7])
#    True
#    >>> triples_sum_to_zero([1])
#    False
#    """"""
#    return any(map(lambda x: x == 0, [sum(x) for x in itertools.combinations(l, 3)]))

#---------------------------------------------------------------------------

#def triples_sum_to_zero(l: list):
#    return any([sum(x) for x in itertools.combinations(l, 3) if sum(x) == 0])

#---------------------------------------------------------------------------

#def triples_sum_to_zero(l: list):
#    return any([sum(x) for x in itertools.combinations(l, 3) if sum(x) == 0])

#---------------------------------------------------------------------------

#def triples_sum_to_zero(l: list):
#    return any([sum(x) for x in itertools.combinations(l, 3) if sum(x) == 0])

#---------------------------------------------------------------------------

#def triples_sum_to_zero(l: list):
#    return any([sum(x) for x in itertools.combinations(l, 3) if sum(x) == 0])

#---------------------------------------------------------------------------

#def triples_sum_to_zero(l: list):
#    return any([sum(x) for x in itertools.combinations(l, 3) if sum(x) == 0])

#---------------------------------------------------------------------------

#def triples_sum_to_zero(l: list):
#    return any([sum(x) for x in itertools.combinations(l, 3) if sum(x) == 0])

#---------------------------------------------------------------------------

#def triples_sum_to_zero(l: list):
#    return any([sum(x) for x in itertools.combinations(l, 3) if sum(x) == 0])

#---------------------------------------------------------------------------

#def triples_sum_to_zero(l: list):
#    return any([sum(x) for x in itertools.combinations(l, 3) if sum(x) == 0])

#---------------------------------------------------------------------------

#def triples_sum_to_zero(l: list):
#"
HumanEval/41," 
            

# This should be the final solution
def car_race_collision(n: int):
    """"""
    Imagine a road that's a perfectly straight infinitely long line.
    n cars are driving left to right;  simultaneously, a different set of n cars
    are driving right to left.   The two sets of cars start out being very far from
    each other.  All cars move in the same speed.  Two cars are said to collide
    when a car that's moving left to right hits a car that's moving right to left.
    However, the cars are infinitely sturdy and strong; as a result, they continue moving
    in their trajectory as if they did not collide.

    This function outputs the number of such collisions.
    """"""
    # We first assume there is no collision between any pair of cars, then we try to
    # find evidence for one or more collisions.
    counter = {i:(False, False) for i in range(1,2*n)}
    current_index = 0
    while True:
        # If both sides of an index have been marked as being occupied by some car (True),
        # increment it until either side has changed value back to ""unoccupied""
        while all([counter[current_index]]):
            current_index += 1
        
        # Now check whether this is on the left-moving cars' turn or the right-moving ones'.
        # Note: since every car must change direction after colliding with another car, once
        # a single collision occurs, all future collisions will occur between cars travelling
        # opposite directions.
        if counter[current_index][0]:
             # Since left-moving cars get faster, increase position before next car travels
            return_to_start = -1 * current_index + n
            counter[return_to_start] = (False, True)
          
            # To prevent checking against previous car again, mark its spot as occupied
            counter[current_index] = (True, True)
                      
            # Check next spot
            current_index -= 1     
            
        else:
            # Right-move cars decrease distance per lap so subtract to see where next car will be
            return_to_start = -(current_index - n)             
            counter[return_to_start] = (True, False)
              
            # Mark spot as occupied
            counter[current_index] = (True, True)
               
            # Check next spot
            current_index += 1 

# This was my first solution
def car_race_collision(n: int):
    """"""
    Imagine a road that's a perfectly straight infinitely long line.
    n cars are driving left to right;  simultaneously, a different set of n cars
    are driving right to left.   The two sets of cars start out being very far from
    each other.  All cars move in the same speed.  Two cars are said to collide
    when a car that's moving left to right hits a car that's moving right to left.
    However, the cars are infinitely sturdy and strong; as a result, they continue moving
    in their trajectory as if they did not collide.

    This function outputs the number of such collisions.
    """"""
    # We first assume there is no collision between any pair of cars, then we try to
    # find evidence for one or more collisions.
    counter = {i:(False, False) for i in range(1,2*n)}
    current_index = 0
    while True:
        # If both sides of an index have been marked as being occupied by some car (True),
        # increment it until either side has changed value back to ""unoccupied""
        while all([counter[current_index]]):
            current_index += 1
        
        # Now check whether this is on the left-moving cars' turn or the right-moving ones'.
        # Note: since every car must change direction after colliding with another car, once
        # a single collision occurs, all future collisions will occur between cars travelling
        # opposite directions.
        if counter[current_index][0]:
             # Since left-moving cars get faster, increase position before next car travels
            return_to_start = -1 * current_index + n
            counter[return_to_start] = (False, True)
          
            # To"
HumanEval/42,
HumanEval/43,
HumanEval/44,"

print(change_base(15, 2))

"
HumanEval/45,"

def rectangle_area(a, b):
    """"""Given length and width, return area for a rectangle.
    >>> rectangle_area(5, 3)
    15
    """"""

    return a * b

def square_area(a):
    """"""Given length of a side, return area for a square.
    >>> square_area(5)
    25
    """"""

    return a * a

def circle_area(r):
    """"""Given length of a side, return area for a square.
    >>> circle_area(3)
    28.274333882308138
    """"""

    return math.pi * r * r


def main(shape, a, b, c):
    if shape == 'triangle':
        print(triangle_area(a, b))
    elif shape == 'rectangle':
        print(rectangle_area(a, b))
    elif shape == 'square':
        print(square_area(a))
    elif shape == 'circle':
        print(circle_area(a))
    else:
        print('Invalid shape')


if __name__ == '__main__':
    import doctest
    doctest.testmod()

    main('triangle', 5, 3, 0)
    main('rectangle', 5, 3, 0)
    main('square', 5, 0, 0)
    main('circle', 5, 0, 0)"
HumanEval/46,"

# The first thing you might notice in the code above is that it's not very readable. 
# We'll refactor it a bit so that it looks a bit more like Python code.

def fib4(n: int):
    """"""The Fib4 number sequence is a sequence similar to the Fibbonacci sequnece that's defined as follows:
    fib4(0) -> 0
    fib4(1) -> 0
    fib4(2) -> 2
    fib4(3) -> 0
    fib4(n) -> fib4(n-1) + fib4(n-2) + fib4(n-3) + fib4(n-4).
    Please write a function to efficiently compute the n-th element of the fib4 number sequence.  Do not use recursion.
    >>> fib4(5)
    4
    >>> fib4(6)
    8
    >>> fib4(7)
    14
    """"""

    if (type(n)) == bool or type(n) != int and n >= 0 : # n must be an integer >= 0, so we can just check for whether it's greater than zero
        raise TypeError(""Invalid input."")
        
    return _fib4_helper(n , [None] * max((int)(math.log(n)), 0))  # this will call our helper method which will do most of the work
    
# Helper methods are those that assist with solving problems. They don't have any impact on performance whatsoever. 

def _fib4_helper(n: int, cache):            # here n is the current index being operated upon, while ""cache"" is used to store results from previous calls to this function - thus allowing us to perform memoization and reduce execution time
    if n <= 0:      # base case
        print('base')             # if at any point n goes below one then there won't be enough elements left in the list to complete the rest of the calculation; therefore, break out of the loop
        return None               
      
    if len(cache) > n:               # if you already know that a certain value exists in your cache table...
        return cache[n]              # ...then access that item directly without recalculating its value!
    
    else:                           # otherwise go ahead and calculate it using the recursive equation
        result = (cache[n - 1]          # first get the value at position n-1
        + cache[n - 2]          # next get the value at position n-2
        + cache[n - 3]          # now add up the three individual terms together
        + cache[n - 4])         # finally, modulo the sum by whatever number works best for you
        cache[n]=result                    # once again, put this new term into the array before returning it
        return result                       # return the newly computed result



# The first thing you might notice in the code above is that it's not very readable. 
# We'll refactor it a bit so that it looks a bit more like Python code.

def fib4(n: int):
    """"""The Fib4 number sequence is a sequence similar to the Fibbonacci sequnece that's defined as follows:
    fib4(0) -> 0
    fib4(1) -> 0
    fib4(2) -> 2
    fib4(3) -> 0
    fib4(n) -> fib4(n-1) + fib4(n-2) + fib4(n-3) + fib4(n-4).
    Please write a function to efficiently compute the n-th element of the fib4 number sequence.  Do not use recursion.
    >>> fib4(5)
    4
    >>> fib4(6)
    8
    >>> fib4(7)
    14
    """"""

    if (type(n)) == bool or type(n) != int and n >= 0 : # n must be an integer >= 0, so we can just check for whether it's greater than zero
        raise TypeError(""Invalid input."")
        
    return _fib4_helper(n , [None] * max((int)(math.log(n)), 0))  # this will call our helper method which will do most of the work
    
# Helper methods are those that assist with solving problems. They don't have any impact on performance whatsoever. 

def"
HumanEval/47,
HumanEval/48,"
    text = input('Enter some text: ').lower()
    if is_palindrome(text):
        print('Yes! {} is a palindrome.'.format(text))
    else:
        print('No! {} is not a palindrome.'.format(text))"
HumanEval/49,"

def coprime(a: int, b: int) -> bool:
    """"""Return True if a and b are coprime and False otherwise.
    >>> coprime(11, 3)
    True
    >>> coprime(12, 5)
    True
    >>> coprime(10, 5)
    False
    >>> coprime(15, 5)
    False
    """"""
    return gcd(a, b) == 1


def is_prime(n: int) -> bool:
    """"""Return True if n is a prime number and False otherwise.
    >>> is_prime(17)
    True
    >>> is_prime(12)
    False
    """"""
    if n <= 1:
        return False
    if n == 2:
        return True
    if n % 2 == 0:
        return False
    for i in range(3, int(math.sqrt(n)), 2):
        if n % i == 0:
            return False
    return True


def is_coprime(a: int, b: int) -> bool:
    """"""Return True if a and b are coprime and False otherwise.
    >>> is_coprime(11, 3)
    True
    >>> is_coprime(12, 5)
    True
    >>> is_coprime(10, 5)
    False
    >>> is_coprime(15, 5)
    False
    """"""
    return gcd(a, b) == 1


def egcd(a: int, b: int) -> int:
    """"""Return GCD(a, b) and a tuple (g, x, y) with ax + by = g.
    >>> egcd(10, 5)
    (5, 2, -1)
    >>> egcd(1101, 101)
    (11, -9, 10)
    >>> egcd(15, 5)
    (5, 3, -2)
    >>> egcd(12, 5)
    (2, 1, 0)
    """"""
    x0, x1, y0, y1 = 0, 1, 1, 0
    while a != 0:
        q, b, a = b // a, a, b % a
        x0, x1 = x1, x0 - q * x1
        y0, y1 = y1, y0 - q * y1
    return b, x0, y0


def lcm(a: int, b: int) -> int:
    """"""Return LCM(a, b).
    >>> lcm(10, 5)
    10
    >>> lcm(1101, 101)
    1101
    >>> lcm(15, 5)
    15
    >>> lcm(12, 5)
    60
    """"""
    return a * b // gcd(a, b)


def crt(m: list, x: list) -> int:
    """"""Return x modulo M = product(m_i) for M = product(m_i).
    >>> crt([3, 5, 7], [2, 3, 1])
    23
    """"""
    M = 1
    x_new = 0
    for m_i in m:
        M *= m_i
    for i in range(len(m)):
        b = M // m[i]
        x_i = x[i]
        y_i = egcd(b, m_i)[1]
        x_new += x_i * y_i * b
    return x_new % M
"
HumanEval/50,"

def encode_morse(s: str):
    """"""
    takes as input string. Returns encoded string in morse code format.
    """"""
    return "" "".join([MORSE[ch.upper()] for ch in s])


def decode_morse(s: str):
    """"""
    takes as input string. Returns decoded string in morse code format.
    """"""
    return """".join([MORSE_INV[ch.strip()] for ch in s.split("" "")])


print(decode_morse(encode_morse(""abcdefgh"")))


def encode_base64(s: str):
    """"""
    takes as input string. Returns encoded string in base64 format.
    """"""
    return "" "".join([format(ord(ch), 'b').zfill(7) for ch in s])


def decode_base64(s: str):
    """"""
    takes as input string. Returns decoded string in base64 format.
    """"""
    return """".join([chr(int(ch, 2)) for ch in s.split("" "")])


print(decode_base64(encode_base64(""abcdefgh"")))


def encode_hexdump(s: str):
    """"""
    takes as input string. Returns encoded string in hexdump format.
    """"""
    return "" "".join([format(ord(ch), 'x') for ch in s])


def decode_hexdump(s: str):
    """"""
    takes as input string. Returns decoded string in hexdump format.
    """"""
    return """".join([chr(int(ch, 16)) for ch in s.split("" "")])


print(decode_hexdump(encode_hexdump(""abcdefgh"")))


def encode_url(s: str):
    """"""
    takes as input string. Returns encoded string in url format.
    """"""
    return """".join([f""%{format(ord(ch), 'x').zfill(2)}"" for ch in s])


def decode_url(s: str):
    """"""
    takes as input string. Returns decoded string in url format.
    """"""
    return """".join([chr(int(ch, 16)) for ch in [s[i:i + 2] for i in range(0, len(s), 2)]])


print(decode_url(encode_url(""abcdefgh"")))
"
HumanEval/51,"    input_string = input(""Enter a string: "")
    print(remove_vowels(input_string))"
HumanEval/52,
HumanEval/53,"


def subtract(x: int, y: int):
    """"""Subtract two numbers x and y
    >>> subtract(2, 3)
    -1
    >>> subtract(5, 7)
    -2
    """"""
    return (x - y)


def multiply(x: int, y: int):
    """"""Multiply two numbers x and y
    >>> multiply(2, 3)
    6
    >>> multiply(5, 7)
    35
    """"""
    return (x * y)


def divide(x: int, y: int):
    """"""Divide two numbers x and y
    >>> divide(2, 3)
    0
    >>> divide(5, 7)
    0
    """"""
    return (x / y)


def exponent(x: int, y: int):
    """"""Raise x to power y
    >>> exponent(2, 3)
    8
    >>> exponent(5, 7)
    16807
    """"""
    return (x ** y)


def rem(x: int, y: int):
    """"""Remainder of division of x by y
    >>> rem(2, 3)
    2
    >>> rem(5, 7)
    5
    """"""
    return (x % y)


def power(x: int, y: int):
    """"""Raise x to power y
    >>> power(2, 3)
    8
    >>> power(5, 7)
    16807
    """"""
    return (x ** y)


def floor(x: int, y: int):
    """"""Raise x to power y
    >>> floor(2, 3)
    8
    >>> floor(5, 7)
    16807
    """"""
    return (x // y)


def ceil(x: int, y: int):
    """"""Raise x to power y
    >>> ceil(2, 3)
    8
    >>> ceil(5, 7)
    16807
    """"""
    return (x // y)


def round(x: int, y: int):
    """"""Raise x to power y
    >>> round(2, 3)
    8
    >>> round(5, 7)
    16807
    """"""
    return (x // y)


def trunc(x: int, y: int):
    """"""Raise x to power y
    >>> trunc(2, 3)
    8
    >>> trunc(5, 7)
    16807
    """"""
    return (x // y)


def test():
    import doctest
    doctest.testmod(verbose=True)


if __name__ == '__main__':
    test()

"
HumanEval/54,"

def find_same_chars(word1: str, word2: str):
    """"""
    Find the same characters in word1 and word2.
    >>> find_same_chars('eabcdzzzz', 'dddzzzzzzzddeddabc')
    'abc'
    >>> find_same_chars('abcd', 'dddddddabc')
    'abc'
    >>> find_same_chars('dddddddabc', 'abcd')
    'abc'
    >>> find_same_chars('eabcd', 'dddddddabc')
    'e'
    >>> find_same_chars('abcd', 'dddddddabce')
    'e'
    >>> find_same_chars('eabcdzzzz', 'dddzzzzzzzddddabc')
    'z'
    """"""
    # my answer
    set1 = set(word1)
    set2 = set(word2)
    result = []
    for char in word1:
        if char in set2:
            result.append(char)
    for char in word2:
        if char in set1:
            result.append(char)
    return ''.join(sorted(result))


def find_same_chars(word1: str, word2: str):
    # better answer
    set1 = set(word1)
    set2 = set(word2)
    return ''.join(sorted(set1 & set2))
"
HumanEval/55,
HumanEval/56,
HumanEval/57,"
"
HumanEval/58,"

def unique(l1: list):
    """"""Return sorted unique elements for one list.
    >>> unique([1, 4, 3, 34, 653, 2, 5])
    [1, 2, 3, 4, 5, 653]
    >>> unique([5, 3, 2, 8])
    [2, 3, 5, 8]
    """"""
    l1 = set(l1)
    return sorted(l1)


def diff(l1: list, l2: list):
    """"""Return sorted unique elements in first list, which are not in the second.
    >>> diff([1, 4, 3, 34, 653, 2, 5], [5, 7, 1, 5, 9, 653, 121])
    [1, 4, 3, 34, 653, 2]
    >>> diff([5, 3, 2, 8], [3, 2])
    [5, 8]
    """"""
    l1 = set(l1)
    l2 = set(l2)
    return sorted(l1 - l2)


def main():
    # TODO: uncomment lines below after code rewrite
    # l1 = [1, 4, 3, 34, 653, 2, 5]
    # l2 = [5, 7, 1, 5, 9, 653, 121]
    # print(common(l1, l2))
    # print(unique(l1))
    # print(diff(l1, l2))
    pass


if __name__ == ""__main__"":
    main()
"
HumanEval/59,"
    
    return candidate

def prime_factors(n: int):
    """"""Return a list of the prime factors of n. Assume n > 1 and is not a prime.
    >>> prime_factors(13195)
    [5, 7, 29]
    >>> prime_factors(2048)
    [2, 2, 2, 2, 2, 2]
    """"""
    factors = []
    candidate = n // 2 if n % 2 == 0 else (n - 1) // 2 # Try to use divide by two strategy first, unless n is odd
                                                       # If it's even we don't need to check for being divisible by 2 again.
    while True:
        quotient = n // candidate
        remainder = n % candidate
        
        if remainder != 0:
            factors.append(candidate)
            return factors
            
        elif quotient <= candidate:
            factors.append(candidate)
            return factors
            
        candidate -= 1

def number_of_divisors(n: int):
    """"""Return the number of divisors of n. Assume n > 1.
    >>> number_of_divisors(13195)
    6
    >>> number_of_divisors(2048)
    12
    """"""
    return len(prime_factors(n))

def divisors(n: int):
    """"""Return a list of the integer divisors of n. Assume n > 1.
    >>> divisors(13195)
    [1, 3, 5, 15, 319, 13195]
    >>> divisors(2048)
    [1, 2, 4, 8, 16, 32, 64, 128, 256, 512, 1024, 2048]
    """"""
    factors = prime_factors(n)
    divisors = []
    for i in range(1, n):
        if i * i > n:
            break
        elif i * i == n:
            divisors.append(i)
        elif i * i < n:
            divisors.append(i)
            divisors.append(n // i)
    return divisors

def is_prime(n: int):
    """"""Return True if n is a prime number. Assume n is a positive integer.
    >>> is_prime(2)
    True
    >>> is_prime(17)
    True
    >>> is_prime(13195)
    False
    >>> is_prime(2048)
    False
    """"""
    if n <= 1:
        return False
    elif n == 2 or n == 3 or n == 5:
        return True
    else:
        for i in range(2, n):
            if n % i == 0:
                return False
        return True

def number_of_digits(n: int):
    """"""Return the number of digits in integer n. Assume n >= 0.
    >>> number_of_digits(13)
    2
    >>> number_of_digits(1024)
    4
    >>> number_of_digits(10240)
    5
    """"""
    return len(str(n))

def digit_to_word(n: int):
    """"""Return the word for a single digit. Assume n is a single digit.
    >>> digit_to_word(0)
    'zero'
    >>> digit_to_word(1)
    'one'
    >>> digit_to_word(9)
    'nine'
    """"""
    if n == 0:
        return ""zero""
    elif n == 1:
        return ""one""
    elif n == 2:
        return ""two""
    elif n == 3:
        return ""three""
    elif n == 4:
        return ""four""
    elif n == 5:
        return ""five""
    elif n == 6:
        return ""six""
    elif n == 7:
        return ""seven""
    elif n == 8"
HumanEval/60,
HumanEval/61,"































































































































































































































































































































































































































































































































































































































































































































































































































































































































































































































































"
HumanEval/62,
HumanEval/63,"
    if n < 0:
        raise ValueError('ValueError')
    if n == 0:
        return 0
    if n == 1:
        return 0
    if n == 2:
        return 1
    return fibfib(n-1) + fibfib(n-2) + fibfib(n-3)


print(fibfib(5))"
HumanEval/64,"

# Here is the TEST function to check the correctness of the above function
def test_vowels_count():
    assert vowels_count(""abcde"") == 2
    assert vowels_count(""ACEDY"") == 3
    assert vowels_count(""abcdey"") == 3
    assert vowels_count(""aedbcy"") == 3
    assert vowels_count(""aeiou"") == 5
    assert vowels_count(""AEIOU"") == 5
    assert vowels_count(""AEIOUY"") == 6
    assert vowels_count(""AEIOUYa"") == 7
    assert vowels_count(""y"") == 1
    assert vowels_count("""") == 0
    assert vowels_count(""a"") == 1
    print(""Start the Testing!"")


if __name__ == ""__main__"":
    test_vowels_count()
"
HumanEval/65,"
"
HumanEval/66,"    return sum([ord(x) for x in s if x.isupper()])
"
HumanEval/67,"
    
fruit_distribution(""5 apples and 6 oranges"", 19)
fruit_distribution(""0 apples and 1 oranges"",3)
fruit_distribution(""2 apples and 3 oranges"", 100)
fruit_distribution(""100 apples and 1 oranges"",120)
"
HumanEval/68,"
    # Write your code here
    pass


def main():
    print(""Example:"")
    print(list(pluck([4, 2, 3])))
    print(list(pluck([4, 2, 3, 2])))
    print(list(pluck([4, 2, 3, 4])))
    print(list(pluck([4, 2, 3, 4, 2])))
    print(list(pluck([4, 2, 3, 4, 2, 4])))
    print(list(pluck([1, 2, 3, 4, 5])))
    print(list(pluck([1, 2, 3, 4, 5, 6, 7, 8])))
    print(list(pluck([1, 2, 3, 4, 5, 6, 7, 8, 9, 10])))

    # These ""asserts"" are used for self-checking and not for an auto-testing
    assert list(pluck([4, 2, 3])) == [2, 1]
    assert list(pluck([4, 2, 3, 2])) == [2, 1]
    assert list(pluck([4, 2, 3, 4])) == [2, 1]
    assert list(pluck([4, 2, 3, 4, 2])) == [0, 1]
    assert list(pluck([4, 2, 3, 4, 2, 4])) == [0, 1]
    assert list(pluck([1, 2, 3, 4, 5])) == [2, 1]
    assert list(pluck([1, 2, 3, 4, 5, 6, 7, 8])) == [2, 1]
    assert list(pluck([1, 2, 3, 4, 5, 6, 7, 8, 9, 10])) == [2, 1]
    print(""Coding complete? Click 'Check' to earn cool rewards!"")


if __name__ == '__main__':
    main()
"
HumanEval/69,"
"
HumanEval/70,";
    




























































































































































































































































































































































































































































































































































































































































































































































































































































































































































































































































"
HumanEval/71,"
    
#print(triangle_area(3, 4, 5));
#print(triangle_area(1, 2, 10));


def triangle_area(a, b, c):
    '''
    Given the lengths of the three sides of a triangle. Return the area of
    the triangle rounded to 2 decimal points if the three sides form a valid triangle. 
    Otherwise return -1
    Three sides make a valid triangle when the sum of any two sides is greater 
    than the third side.
    Example:
    triangle_area(3, 4, 5) == 6.00
    triangle_area(1, 2, 10) == -1
    '''
    
    #write your code here
    def sortList (list1):#sorting function for later on
        list1=sorted(list1);
        
        while len(list1)>len(set(list1)):
            for i in range(len(list1)-1):
                if list1[i]==list1[i+1]:
                    del list1[i];
        return list1;
            
            
    lis=[a,b,c]; #creating a list with all length values that will be sorted and checked for invalidity afterward
    result=-1; #default value as negative one since it won't meet condition
    lisSorted = sortList(lis); #calling sorting funtion with this list first
    
    try:#try/except block to catch non-numeric input cases before they are even passed into functions
        a,b,c=(float(lisSorted[0]), float(lisSorted[1]) , float(lisSorted[2]))
    except ValueError :#if user inputs letters or characters instead of numbers
        print(""Please only use numbers"");
       ##return(-1);#to end program early 
    
    if ((a<0)|(b <0 )|(c <0)):#checks if there is an entry less than zero which would also cause errors to occur downstream
        pass ;
    else :
        sumOne=((abs(a)+ abs(b)));
        sumTwo=abs(sumOne-abs(c));
        if sumOne>sumTwo:
           result=round(.5*(a*b),2);#this formula finds area using Heron's Formula but is specific for triangles where the largest angle is at most pi radians or 90 degrees
        elif sumTwo>=sumOne:
               result=""Invalid Input"";
    
    return(result);     
    
print(triangle_area(3, 4, 5));
print(triangle_area(1, 2, 10));

"
HumanEval/72,"
print(will_it_fly([1, 2], 5))
print(will_it_fly([3, 2, 3], 1))
print(will_it_fly([3, 2, 3], 9))
print(will_it_fly([3], 5))"
HumanEval/73,"

def smallest_change2(arr):
    """"""
    Given an array arr of integers, find the minimum number of elements that
    need to be changed to make the array palindromic. A palindromic array is an array that
    is read the same backwards and forwards. In one change, you can change one element to any other element.

    For example:
    smallest_change([1,2,3,5,4,7,9,6]) == 4
    smallest_change([1, 2, 3, 4, 3, 2, 2]) == 1
    smallest_change([1, 2, 3, 2, 1]) == 0
    """"""

    # The idea of this solution is to create a reversed array and count the number
    # of elements that are different. Once we have that information, we can
    # find the minimum number of elements to make the array palindromic.

    # We can create an array of the same length to store the values of the input array in reverse order.
    reverse_arr = [None] * len(arr)

    # Use a for loop to reverse the input array.
    for i in range(len(arr)):
        # Set the reverse array's value at the index of the input array's length minus 1,
        # to the value of the input array's length minus 1.
        reverse_arr[len(arr) - 1 - i] = arr[i]

    # Create a variable to store the number of different elements.
    different_elements = 0

    # Use a for loop to compare the two arrays.
    for i in range(len(arr)):
        # If the element at the input array's index is not equal to the
        # element at the reverse array's index, increment the number of
        # different elements by 1.
        if arr[i] != reverse_arr[i]:
            different_elements += 1

    # Return the minimum number of elements to make the array palindromic.
    return different_elements // 2


def smallest_change3(arr):
    """"""
    Given an array arr of integers, find the minimum number of elements that
    need to be changed to make the array palindromic. A palindromic array is an array that
    is read the same backwards and forwards. In one change, you can change one element to any other element.

    For example:
    smallest_change([1,2,3,5,4,7,9,6]) == 4
    smallest_change([1, 2, 3, 4, 3, 2, 2]) == 1
    smallest_change([1, 2, 3, 2, 1]) == 0
    """"""

    # The idea of this solution is to create a reversed array and count the number
    # of elements that are different. Once we have that information, we can
    # find the minimum number of elements to make the array palindromic.

    # We can create an array of the same length to store the values of the input array in reverse order.
    reverse_arr = [None] * len(arr)

    # Use a for loop to reverse the input array.
    for i in range(len(arr)):
        # Set the reverse array's value at the index of the input array's length minus 1,
        # to the value of the input array's length minus 1.
        reverse_arr[len(arr) - 1 - i] = arr[i]

    # Create a variable to store the number of different elements.
    different_elements = 0

    # Use a for loop to compare the two arrays.
    for i in range(len(arr)):
        # If the element at the input array's index is not equal to the
        # element at the reverse array's index, increment the number of
        # different elements by 1.
        if arr[i] != reverse_arr[i]:
            different_elements += 1

    # Return the minimum number of elements to make the array palindromic.
    return different_elements // 2


def smallest_change4(arr):
    """"""
    Given an array arr of integers, find the minimum number of elements that
    need to be changed to make the array palindromic. A palindrom"
HumanEval/74,
HumanEval/75,"


# Solution

# def is_multiply_prime(a):
#     """"""Write a function that returns true if the given number is the multiplication of 3 prime numbers
#     and false otherwise.
#     Knowing that (a) is less then 100. 
#     Example:
#     is_multiply_prime(30) == True
#     30 = 2 * 3 * 5
#     """"""
#     prime_count = 0 # count how many prime factors we found so far in our factorization
#     current_factor = 2# start with smalles possible integer as first potential factor, i.e., 2. 
#     while current_factor**2 <= a:# stop when square rooted value exceeds current numbe to be factored
#         quotient = None
        
#         while quotient != 1 or quotient != 0:# keep dividing until remainder reaches either 0 or 1
#             quotient , reminder=divmod(current_factor, a )
            
#             if reminder > 0 :# if remainder does not reach one move on to next possibility by incrementing counter
#                 break  
                
#             elif reminder == 0:#if remainder equals zero add 1 to prime counts and check if all primes have been counted
#                 prime_count += 1 
#                 if prime_count >= 4:# if you have counted at least four primes return true else go for new trial division
#                     return True     
                
#             else: # If this code path has reached here it means there was an error along the way;
#                 print(""Unexpected Error!"") # Print unexpected error message
#                 exit()# Exit program
            
#         current_factor+=1# Keep trying other integers
    
#     return False# Return false after checking out all possibilities
# is_multiply_prime.__doc__='''Returns true if the inputted positive interger is producto of three distinct prime numbers'''


# Test

print('is_multiply_prime(30) should be True:', is_multiply_prime(30))
print('is_multiply_prime(36) should be True:', is_multiply_prime(36))
print('is_multiply_prime(27) should be True:', is_multiply_prime(27))
print('is_multiply_prime(15) should be False:', is_multiply_prime(15))
print('is_multiply_prime(9) should be False:', is_multiply_prime(9))
print('is_multiply_prime(8) should be False:', is_multiply_prime(8))
print('is_multiply_prime(1) should be False:', is_multiply_prime(1))


# Output

# is_multiply_prime(30) should be True: True
# is_multiply_prime(36) should be True: True
# is_multiply_prime(27) should be True: True
# is_multiply_prime(15) should be False: False
# is_multiply_prime(9) should be False: False
# is_multiply_prime(8) should be False: False
# is_multiply_prime(1) should be False: False
























































































































































































































































"
HumanEval/76,"
"
HumanEval/77,"
"
HumanEval/78,"
"
HumanEval/79,
HumanEval/80,"
"
HumanEval/81,"































































































































































































































































































































































































































































































































































































































































































































































































































































































































































































































































"
HumanEval/82,"
print(prime_length('Hello'))
print(prime_length('abcdcba'))
print(prime_length('kittens'))
print(prime_length('orange'))


"
HumanEval/83,"

    return len(result)

if __name__ == '__main__':
    print('The number of n-digit numbers starting with 1 is {}.'.format(starts_one_ends(100)))
"
HumanEval/84,"

def binarySum(n):
    # n is a positive integer
    # return binary representation of sum of digits in n
    # if n is 0, return 1
    if n < 1:
        return 1
    else:
        return binarySum(n // 2) + (n % 2)

print(binarySum(147))
"
HumanEval/85,"
print(add([4, 2, 6, 7]))"
HumanEval/86,"


print(anti_shuffle(""Hello World!!!""))
print(anti_shuffle(""Hi""))
print(anti_shuffle(""hello""))


# Output:
# Hello !!!Wdlor
# Hi
# ehllo


# Test.describe(""Basic Tests"")
# Test.assert_equals(anti_shuffle(""Hi""), ""Hi"", ""Hi"")
# Test.assert_equals(anti_shuffle(""hello""), ""ehllo"", ""hello"")
# Test.assert_equals(anti_shuffle(""Hello World!!!""), ""Hello !!!Wdlor"", ""Hello World!!!"")


# def anti_shuffle(s):
#     """"""
#     Write a function that takes a string and returns an ordered version of it.
#     Ordered version of string, is a string where all words (separated by space)
#     are replaced by a new word where all the characters arranged in
#     ascending order based on ascii value.
#     Note: You should keep the order of words and blank spaces in the sentence.

#     For example:
#     anti_shuffle('Hi') returns 'Hi'
#     anti_shuffle('hello') returns 'ehllo'
#     anti_shuffle('Hello World!!!') returns 'Hello !!!Wdlor'
#     """"""
#     return "" "".join([sorted(i)[::-1] for i in s.split("" "")])


# print(anti_shuffle(""Hello World!!!""))
# print(anti_shuffle(""Hi""))
# print(anti_shuffle(""hello""))


# # Output:
# # Hello !!!Wdlor
# # Hi
# # ehllo


# # Test.describe(""Basic Tests"")
# # Test.assert_equals(anti_shuffle(""Hi""), ""Hi"", ""Hi"")
# # Test.assert_equals(anti_shuffle(""hello""), ""ehllo"", ""hello"")
# # Test.assert_equals(anti_shuffle(""Hello World!!!""), ""Hello !!!Wdlor"", ""Hello World!!!"")


# def anti_shuffle(s):
#     """"""
#     Write a function that takes a string and returns an ordered version of it.
#     Ordered version of string, is a string where all words (separated by space)
#     are replaced by a new word where all the characters arranged in
#     ascending order based on ascii value.
#     Note: You should keep the order of words and blank spaces in the sentence.

#     For example:
#     anti_shuffle('Hi') returns 'Hi'
#     anti_shuffle('hello') returns 'ehllo'
#     anti_shuffle('Hello World!!!') returns 'Hello !!!Wdlor'
#     """"""
#     return "" "".join([sorted(i)[::-1] for i in s.split("" "")])


# print(anti_shuffle(""Hello World!!!""))
# print(anti_shuffle(""Hi""))
# print(anti_shuffle(""hello""))


# # Output:
# # Hello !!!Wdlor
# # Hi
# # ehllo


# # Test.describe(""Basic Tests"")
# # Test.assert_equals(anti_shuffle(""Hi""), ""Hi"", ""Hi"")
# # Test.assert_equals(anti_shuffle(""hello""), ""ehllo"", ""hello"")
# # Test.assert_equals(anti_shuffle(""Hello World!!!""), ""Hello !!!Wdlor"", ""Hello World!!!"")


# def anti_shuffle(s):
#     """"""
#     Write a function that takes a string and returns an ordered version of it.
#     Ordered version of string, is a string where all words (separated by space)
#     are replaced by a new word where all the characters arranged in
#     ascending order based on ascii value.
#     Note: You should keep the order of words and blank spaces in the sentence.

#     For example:
#     anti_shuffle('Hi') returns 'Hi'
#     anti_shuffle('hello') returns 'ehllo'
#     anti_shuffle('Hello World!!!') returns 'Hello !!!Wdlor'
#     """"""
#     return "" "".join([sorted(i)[::-1] for i in s.split("" "")])


# print(anti_sh"
HumanEval/87,"

print(get_row([[1,2,3,4,5,6], [1,2,3,4,1,6], [1,2,3,4,5,1]], 1))
"
HumanEval/88,"

def quicksort(array):                     # O(n log n) time and space complexities.
    if len(array) < 2:
        return array
    else:
        return quicksort([x for x in array[1:] if x <= array[0]]) + \
                [array[0]] + \
                quicksort([x for x in array[1:] if x > array[0]])

def merge(left, right):
    result = []
    while len(left) > 0 and len(right) > 0:
        if left[0] <= right[0]:
            result.append(left.pop(0))
        else:
            result.append(right.pop(0))
    return result + left + right


print(sort_array([1,2,3,4,5]))

"
HumanEval/89,
HumanEval/90,"
"
HumanEval/91,"    # return the number of boredoms
    # print(S)
    # print(len(S))
    # print(S.split())
    # print(S.split("".""))
    # print(S.split(""?""))
    # print(S.split(""!""))
    # print(S.split(""."").count(""I""))
    # print(S.split(""?"").count(""I""))
    # print(S.split(""!"").count(""I""))
    # print(S.split(""."").count(""I"") + S.split(""?"").count(""I"") + S.split(""!"").count(""I""))

    return S.split(""."").count(""I"") + S.split(""?"").count(""I"") + S.split(""!"").count(""I"")
    
# is_bored(""The sky is blue. The sun is shining. I love this weather"")
# print(is_bored(""The sky is blue. The sun is shining. I love this weather""))
"
HumanEval/92,"







"
HumanEval/93,"
if __name__ == ""__main__"":
    # Test your code!
    encode(""test"")
    encode(""This is a message"")
"
HumanEval/94,"
                    


    
    
    
    
    
    
    
    
    
    
    
    
    
    
    
    
    
    
    
    
    
    
    
    
    
    
    
    
    
    
    
    
    
    
    
    
    
    
    
    
    
    
    
    
    
    
    
    
    
    
    
    
    
    
    
    
    
    
    
    
    
    
    
    
    
    
    
    
    
    
    
    
    
    
    
    
    
    
    
    
    
    
    
    
    
    
    
    
    
    
    
    
    
    
    
    
    
    
    
    
    
    
    
    
    
    
    
    
    
    
    
    
    
    
    
    
    
    
    
    
    
    
    
    
    
    
    
    
    
    
    
    
    
    
    
    
    
    
    
    
    
    
    
    
    
    
    
    
    
    
    
    
    
    
    
    
    
    
    
    
    
    
    
    
    
    
    
    
    
    
    
    
    
    
    
    
    
    
    
    
    
    
    
    
    
    
    
    
    
    
    
    
    
    
    
    
    
    
    
    
    
    
    
    
    
    
    
    
    
    
    
    
    
    
    
    
    
    
    
    
    
    
    
    
    
    
    
    
    
    
    
    
    
    
    
    
    
    
    
    
    
    
    
    
    
    
    
    
    
    
    
    
    
    
    
    
    
    
    
    
    
    
    
    
    
    
    
    
    
    
    
    
    
    
    
    
    
    
    
    
    
    
    
    
    
    
    
    
    
    
    
    
    
    
    
    
    
    
    
    
    
    
    
    
    
    
    
    
    
    
    
    
    
    
    
    
    
    
    
    
    
    
    
    
    
    
    
    
    
    
    
    
    
    
    
    
    
    
    
    
    
    
    
    
    
    
    
    
    
    
    
    
    
    
    
    
    
    
    
    
    
    
    
    
    
    
    
    
    
    
    
    
    
    
    
    
    
    
    
    
    
    
    
    
    
    
    
    
    
    
    
    
    
    
    
    
    
    
    
    
    
    
    
    
    
    
    
    
    
    
    
    
    
    
    
    
    
    
    
    
    
    
    
    
    
    
    
    
    
    
    
    
    
    
    
    
    
    
    
    
    
    
    
    
    
    
    
    
    
    
    
    
    
    
    
    
    
    
    
    
    
    
    
    
    
    
    
    
    
    
    
    
    
    
    
    
    
    
    
    
    
    
    
    
    
    
    
    
    
    
    
    
    
    
    
    
    
    
    
    
    
    
    
    
    
    
    
    
    
"
HumanEval/95,"
def check_dict_case(dict):
    """"""
    Given a dictionary, return True if all keys are strings in lower 
    case or all keys are strings in upper case, else return False.
    The function should return False is the given dictionary is empty.
    Examples:
    check_dict_case({""a"":""apple"", ""b"":""banana""}) should return True.
    check_dict_case({""a"":""apple"", ""A"":""banana"", ""B"":""banana""}) should return False.
    check_dict_case({""a"":""apple"", 8:""banana"", ""a"":""apple""}) should return False.
    check_dict_case({""Name"":""John"", ""Age"":""36"", ""City"":""Houston""}) should return False.
    check_dict_case({""STATE"":""NC"", ""ZIP"":""12345"" }) should return True.
    """"""
    
    # TODO - by the end of this lesson you will be able to implement this method

def check_dict_case(dict):
    """"""
    Given a dictionary, return True if all keys are strings in lower 
    case or all keys are strings in upper case, else return False.
    The function should return False is the given dictionary is empty.
    Examples:
    check_dict_case({""a"":""apple"", ""b"":""banana""}) should return True.
    check_dict_case({""a"":""apple"", ""A"":""banana"", ""B"":""banana""}) should return False.
    check_dict_case({""a"":""apple"", 8:""banana"", ""a"":""apple""}) should return False.
    check_dict_case({""Name"":""John"", ""Age"":""36"", ""City"":""Houston""}) should return False.
    check_dict_case({""STATE"":""NC"", ""ZIP"":""12345"" }) should return True.
    """"""
    
    # TODO - by the end of this lesson you will be able to implement this method

def check_dict_case(dict):
    """"""
    Given a dictionary, return True if all keys are strings in lower 
    case or all keys are strings in upper case, else return False.
    The function should return False is the given dictionary is empty.
    Examples:
    check_dict_case({""a"":""apple"", ""b"":""banana""}) should return True.
    check_dict_case({""a"":""apple"", ""A"":""banana"", ""B"":""banana""}) should return False.
    check_dict_case({""a"":""apple"", 8:""banana"", ""a"":""apple""}) should return False.
    check_dict_case({""Name"":""John"", ""Age"":""36"", ""City"":""Houston""}) should return False.
    check_dict_case({""STATE"":""NC"", ""ZIP"":""12345"" }) should return True.
    """"""
    
    # TODO - by the end of this lesson you will be able to implement this method

def check_dict_case(dict):
    """"""
    Given a dictionary, return True if all keys are strings in lower 
    case or all keys are strings in upper case, else return False.
    The function should return False is the given dictionary is empty.
    Examples:
    check_dict_case({""a"":""apple"", ""b"":""banana""}) should return True.
    check_dict_case({""a"":""apple"", ""A"":""banana"", ""B"":""banana""}) should return False.
    check_dict_case({""a"":""apple"", 8:""banana"", ""a"":""apple""}) should return False.
    check_dict_case({""Name"":""John"", ""Age"":""36"", ""City"":""Houston""}) should return False.
    check_dict_case({""STATE"":""NC"", ""ZIP"":""12345"" }) should return True.
    """"""
    
    # TODO - by the end of this lesson you will be able to implement this method

def check_dict_case(dict):
    """"""
    Given a dictionary, return True if all keys are strings in lower 
    case or all keys are strings in upper case, else return False.
    The function should return False is the given dictionary is empty.
    Examples:
    check_dict_case({""a"":""apple"", ""b"":""banana""}) should return True.
    check_dict_case({"
HumanEval/96,"    if n > 1:
        for i in range(2, n+1):
            flag = 1
            for j in range(2, i):
                if i % j == 0:
                    flag = 0
                    break
            if flag == 1:
                result.append(i)
    return result


print(count_up_to(20))
print(count_up_to(18))
print(count_up_to(5))
print(count_up_to(11))
print(count_up_to(0))
print(count_up_to(1))"
HumanEval/97,"

print(multiply(148, 412))
print(multiply(19, 28))
print(multiply(2020, 1851))
print(multiply(14,-15))
"
HumanEval/98,"    # return the number of uppercase vowels in even indices
    # s = 'aBCdEf'
    # s = 'abcdefg'
    # s = 'dBBE'
    count = 0
    for i in range(len(s)):
        if s[i] in 'AEIOU' and i % 2 == 0 and s[i].isupper():
            count += 1
    return count


def is_valid_ip(ip_address):
    """"""
    Check if a given string is a valid IP address.

    For example:
    is_valid_ip('192.168.0.1') returns True
    is_valid_ip('192.256.0.1') returns False
    is_valid_ip('192.168.1') returns False
    is_valid_ip('192.256.1') returns False
    is_valid_ip('192.256') returns False
    is_valid_ip('192.256.1.1') returns False
    is_valid_ip('192.168.0.1.1') returns False
    is_valid_ip('') returns False
    is_valid_ip('2001:0db8:85a3:0000:0000:8a2e:0370:7334') returns True
    is_valid_ip('2001:0db8:85a3::8a2e:0370:7334') returns True
    is_valid_ip('2001:db8:85a3:0:0:8A2E:0370:7334') returns True
    is_valid_ip('2001:0db8:85a3::7334') returns True
    is_valid_ip('2001:db8:85a3::8A2E:0370:7334') returns True
    is_valid_ip('2001:0658:0000:0000:0000:0000:0000:0000') returns False
    is_valid_ip('2001:db8::1:0:0:1') returns False
    is_valid_ip('2001:658::1:0:0:1') returns False
    """"""
    # your code here
    import re
    return bool(re.match(r""^(\d{1,3})\.(\d{1,3})\.(\d{1,3})\.(\d{1,3})$"", ip_address))


def is_palindrome(s):
    """"""
    Check if a given string is a palindrome.

    For example:
    is_palindrome('racecar') returns True
    is_palindrome('carerac') returns True
    is_palindrome('carrace') returns False
    is_palindrome('carrace') returns False
    is_palindrome('') returns True
    is_palindrome(' ') returns False
    is_palindrome('00') returns True
    is_palindrome('01') returns False
    is_palindrome('0000000000') returns True
    is_palindrome('0000000001') returns False
    """"""
    # your code here
    # return True if the string is a palindrome, False otherwise
    # s = 'racecar'
    # s = 'carerac'
    # s = 'carrace'
    # s = 'carrace'
    # s = ''
    # s = ' '
    # s = '00'
    # s = '01'
    # s = '0000000000'
    # s = '0000000001'
    s = s.lower()
    return s == s[::-1]


def count_vowels(s):
    """"""
    Count the number of vowels in a given string.

    For example:
    count_vowels('"
HumanEval/99,"    x = float(value)
    if x % 1 == 0.0:
        return x
    elif x % 1 > 0.5:
        return x + 1
    else:
        return x - 1
"
HumanEval/100,";


if __name__==""__main__"":
    # Test here
    import doctest
    doctest.testmod()
"
HumanEval/101,
HumanEval/102,
HumanEval/103,
HumanEval/104,"


def unique_digits(x):
    """"""Given a list of positive integers x. return a sorted list of all 
    elements that hasn't any even digit.

    Note: Returned list should be sorted in increasing order.
    
    For example:
    >>> unique_digits([15, 33, 1422, 1])
    [1, 15, 33]
    >>> unique_digits([152, 323, 1422, 10])
    []
    """"""
    uniq = set()
    for item in x:
        if not any((digit % 2 == 0) for digit in map(int, str(item))): # all odd digits
            uniq.add(item)
            
    return sorted(uniq)


def unique_digits(x):
    """"""Given a list of positive integers x. return a sorted list of all 
    elements that hasn't any even digit.

    Note: Returned list should be sorted in increasing order.
    
    For example:
    >>> unique_digits([15, 33, 1422, 1])
    [1, 15, 33]
    >>> unique_digits([152, 323, 1422, 10])
    []
    """"""
    uniq = set()
    for item in x:
        if not any((digit % 2 == 0) for digit in map(int, str(item))): # all odd digits
            uniq.add(item)
            
    return sorted(uniq)


def unique_digits(x):
    """"""Given a list of positive integers x. return a sorted list of all 
    elements that hasn't any even digit.

    Note: Returned list should be sorted in increasing order.
    
    For example:
    >>> unique_digits([15, 33, 1422, 1])
    [1, 15, 33]
    >>> unique_digits([152, 323, 1422, 10])
    []
    """"""
    uniq = set()
    for item in x:
        if not any((digit % 2 == 0) for digit in map(int, str(item))): # all odd digits
            uniq.add(item)
            
    return sorted(uniq)


def unique_digits(x):
    """"""Given a list of positive integers x. return a sorted list of all 
    elements that hasn't any even digit.

    Note: Returned list should be sorted in increasing order.
    
    For example:
    >>> unique_digits([15, 33, 1422, 1])
    [1, 15, 33]
    >>> unique_digits([152, 323, 1422, 10])
    []
    """"""
    uniq = set()
    for item in x:
        if not any((digit % 2 == 0) for digit in map(int, str(item))): # all odd digits
            uniq.add(item)
            
    return sorted(uniq)


def unique_digits(x):
    """"""Given a list of positive integers x. return a sorted list of all 
    elements that hasn't any even digit.

    Note: Returned list should be sorted in increasing order.
    
    For example:
    >>> unique_digits([15, 33, 1422, 1])
    [1, 15, 33]
    >>> unique_digits([152, 323, 1422, 10])
    []
    """"""
    uniq = set()
    for item in x:
        if not any((digit % 2 == 0) for digit in map(int, str(item))): # all odd digits
            uniq.add(item)
            
    return sorted(uniq)


def unique_digits(x):
    """"""Given a list of positive integers x. return a sorted list of all 
    elements that"
HumanEval/105,"
   
if __name__ == '__main__':
    arr = [2, 1, 1, 4, 5, 8, 2, 3]
    print(by_length(arr))

    arr = []
    print(by_length(arr))

    arr = [1, -1 , 55] 
    print(by_length(arr))
"
HumanEval/106,"































































































































































































































































































































































































































































































































































































































































































































































































































































































































































































































































"
HumanEval/107,
HumanEval/108,"!
    count = 0
    for i in arr:
        if sum(int(k) for k in str(i)) > 0:
            count += 1
    return count
"
HumanEval/109,"    if len(arr) == 0:
        return True
    temp = arr.pop()
    arr.insert(0, temp)
    arr.sort()
    return arr == sorted(arr)


# Please write your main program here
arr = list(map(int, input().split()))
print(move_one_ball(arr))

"
HumanEval/110,"

lst1 = [1, 2, 3, 4]
lst2 = [1, 2, 3, 4]
exchange(lst1, lst2)
"
HumanEval/111,"
#        
#        for i in test.split("" ""):
#            hist[str(i)]=0
#            
#        for i in test.split("" ""):
#            hist[i]+=1
    return hist

#print(histogram('a b c a b'))
"
HumanEval/112,"

# Test
s = ""abcde""
c = ""ae""
assert reverse_delete(s, c) == ('bcd', False)

s = ""abcdef""
c = ""b""
assert reverse_delete(s, c) == ('acdef', False)

s = ""abcdedcba""
c = ""ab""
assert reverse_delete(s, c) == ('cdedc', True)
"
HumanEval/113,"






"
HumanEval/114,"



"
HumanEval/115,"

""""""
Helper function to check if the solution is correct
""""""
# To check if the solution is correct
def check_solution(actual, expected):
    if expected == actual:
        print(""The function works correctly!"")
        return True
    else:
        print(""The function doesn't work!"")
        return False

#---------------------------------------- END OF FUNCTION --------------------------------

#-------------------------- CORRECT SOLUTION WITH TEST CASES ---------------------------
""""""
Test case 1
""""""

# Input parameters
grid = [[0,0,1,0], [0,1,0,0], [1,1,1,1]]
capacity = 1

# Output parameters
output = max_fill(grid, capacity)
expected_output = 6

# Check solution
check_solution(output,expected_output)

""""""
Test case 2
""""""

# Input parameters
grid = [[0,0,1,1], [0,0,0,0], [1,1,1,1], [0,1,1,1]]
capacity = 2

# Output parameters
output = max_fill(grid, capacity)
expected_output = 5

# Check solution
check_solution(output,expected_output)

""""""
Test case 3
""""""

# Input parameters
grid = [[0,0,0], [0,0,0]]
capacity = 5

# Output parameters
output = max_fill(grid, capacity)
expected_output = 0

# Check solution
check_solution(output,expected_output)

#-------------------------- CORRECT SOLUTION WITH TEST CASES ---------------------------

""""""
Time complexity: O(n^2)
""""""

# Test the solution
import timeit

# Test cases
tests = [
    # [
    #     'max_fill',
    #     'import solution',
    #     'solution.max_fill(grid, capacity)',
    #     'expected_output'
    # ],
    [
        'max_fill',
        'import solution',
        'solution.max_fill(grid, capacity)',
        'expected_output'
    ]
]

# Execute tests
for test in tests:

    t1 = timeit.Timer(test[2], test[1])

    print(str(test[0])+"": ""+str(t1.timeit(number=1)))

#---------------------------------------- END OF FILE ----------------------------------
"
HumanEval/116,
HumanEval/117,"


select_words(""Mary had a little lamb"", 4)
select_words(""Mary had a little lamb"", 3)
select_words(""simple white space"", 2)
select_words(""Hello world"", 4)
select_words(""Uncle sam"", 3)
"
HumanEval/118,"































































































































































































































































































































































































































































































































































































































































































































































































































































































































































































































































"
HumanEval/119,"    return 'Yes' if lst[0] == lst[1] == '' else 'No'
"
HumanEval/120,"

def swap(_list, i, j):
    _list[i], _list[j] = _list[j], _list[i]

print(maximum([-3, -4, 5], 3))
print(maximum([4, -4, 4], 2))
print(maximum([-3, 2, 1, 2, -1, -2, 1], 1))
"
HumanEval/121," # = 12

lst = [3, 3, 3, 3, 3]
print(solution(lst)) # = 9

lst = [30, 13, 24, 321]
print(solution(lst)) # = 0


























































































































































































































































































































































































































































































































































































































































































































































































































































































































































































"
HumanEval/122,"
"
HumanEval/123,"

print(get_odd_collatz(5))

# Output: [1, 5]
# Expected: [1, 5]
# Test Case:
# get_odd_collatz(5)
# Output: [1, 5]
# Expected: [1, 5]

# get_odd_collatz(500)
# Output: [1, 500]
# Expected: [1, 500]

# get_odd_collatz(1000)
# Output: [1, 1000]
# Expected: [1, 1000]
"
HumanEval/124,"

# testing
print(valid_date('03-11-2000'))
print(valid_date('15-01-2012'))
print(valid_date('04-0-2040'))
print(valid_date('06-04-2020'))
print(valid_date('06/04/2020'))"
HumanEval/125,"        
    else:
        print(txt.split())
        return txt.split()

    
    
split_words(""Hello world!"") #➞ [""Hello"", ""world!""]
#split_words(""Hello,world!"") #➞ [""Hello"", ""world!""]
#split_words(""abcdef"") == 3 
#split_words(""Hello, world!"") == 5
#split_words(""Hello World!"") == 5
#split_words(""Hello, World!"") == 5
#split_words(""Hello, World!"") == 5
#split_words(""Hello, World!"") == 5
#split_words(""Hello, World!"") == 5





"
HumanEval/126,"

def is_sorted(lst):
    '''
    Given a list of numbers, return whether or not they are sorted
    in ascending order. If list has more than 1 duplicate of the same
    number, return False. Assume no negative numbers and only integers.

    Examples
    is_sorted([5]) ➞ True
    is_sorted([1, 2, 3, 4, 5]) ➞ True
    is_sorted([1, 3, 2, 4, 5]) ➞ False
    is_sorted([1, 2, 3, 4, 5, 6]) ➞ True
    is_sorted([1, 2, 3, 4, 5, 6, 7]) ➞ True
    is_sorted([1, 3, 2, 4, 5, 6, 7]) ➞ False
    is_sorted([1, 2, 2, 3, 3, 4]) ➞ True
    is_sorted([1, 2, 2, 2, 3, 4]) ➞ False
    '''
    
    # Base case: empty array -> true
    if len(lst) == 0:
        return True;
        
    for i in range(len(lst)):
      current = lst[i]
      
      # Checks that all previous values are less than currrent value (inclusive).
      if any((current < x) for x in lst[:i+1]):
          return False
          
#is_sorted([1, 2, 3, 4, 5])


def is_sorted(lst):
    '''
    Given a list of numbers, return whether or not they are sorted
    in ascending order. If list has more than 1 duplicate of the same
    number, return False. Assume no negative numbers and only integers.

    Examples
    is_sorted([5]) ➞ True
    is_sorted([1, 2, 3, 4, 5]) ➞ True
    is_sorted([1, 3, 2, 4, 5]) ➞ False
    is_sorted([1, 2, 3, 4, 5, 6]) ➞ True
    is_sorted([1, 2, 3, 4, 5, 6, 7]) ➞ True
    is_sorted([1, 3, 2, 4, 5, 6, 7]) ➞ False
    is_sorted([1, 2, 2, 3, 3, 4]) ➞ True
    is_sorted([1, 2, 2, 2, 3, 4]) ➞ False
    '''
    
    # Base case: empty array -> true
    if len(lst) == 0:
        return True;
        
    for i in range(len(lst)):
      current = lst[i]
      
      # Checks that all previous values are less than currrent value (inclusive).
      if any((current < x) for x in lst[:i+1]):
          return False
          
#is_sorted([1, 2, 3, 4, 5])


def is_sorted(lst):
    '''
    Given a list of numbers, return whether or not they are sorted
    in ascending order. If list has more than 1 duplicate of the same
    number, return False. Assume no negative numbers and only integers.

    Examples
    is_sorted([5]) ➞ True
    is_sorted([1, 2, 3, 4, 5]) ➞ True
    is_sorted([1, 3, 2, 4, 5]) ➞ False
    is_sorted([1, 2, 3, 4, 5, 6]) ➞ True
    is_sorted([1, 2, 3, 4, 5, 6, 7]) ➞ True
    is_sorted([1, 3, 2, 4, 5, 6, 7]) ➞ False
    is_sorted([1, 2, 2, 3, "
HumanEval/127,"


# Code:
def is_prime(n):
    if n <= 1:
        return False
    for i in range(2, n):
        if n % i == 0:
            return False
    return True

def intersection(interval1, interval2):
    if interval1[0] <= interval2[0] <= interval1[1] and interval1[0] <= interval2[1] <= interval1[1]:
        return ""YES"" if is_prime(interval2[0]-interval2[1]+1) else ""NO""
    else:
        return ""NO""
"
HumanEval/128,"
        else :
            return None
            





















































































































































































































































































































































































































































































































































































































































































































































































































































































































































































































































"
HumanEval/129,"
    
    
    
    # Print the final answer
    for i in range(0,k):
      print ans[i];
    





def minPath(grid, k):
    """"""
    Given a grid with N rows and N columns (N >= 2) and a positive integer k, 
    each cell of the grid contains a value. Every integer in the range [1, N * N]
    inclusive appears exactly once on the cells of the grid.

    You have to find the minimum path of length k in the grid. You can start
    from any cell, and in each step you can move to any of the neighbor cells,
    in other words, you can go to cells which share an edge with you current
    cell.
    Please note that a path of length k means visiting exactly k cells (not
    necessarily distinct).
    You CANNOT go off the grid.
    A path A (of length k) is considered less than a path B (of length k) if
    after making the ordered lists of the values on the cells that A and B go
    through (let's call them lst_A and lst_B), lst_A is lexicographically less
    than lst_B, in other words, there exist an integer index i (1 <= i <= k)
    such that lst_A[i] < lst_B[i] and for any j (1 <= j < i) we have
    lst_A[j] = lst_B[j].
    It is guaranteed that the answer is unique.
    Return an ordered list of the values on the cells that the minimum path go through.

    Examples:

        Input: grid = [ [1,2,3], [4,5,6], [7,8,9]], k = 3
        Output: [1, 2, 1]

        Input: grid = [ [5,9,3], [4,1,6], [7,8,2]], k = 1
        Output: [1]
    """"""
    nRows = len(grid);
    nCols = len(grid[0]);
    
    # Initialize dp table
    dp = [[-float('inf')]*nCols for _ in xrange(nRows)];
    ans = [-float(""inf"")]*k;
  
    # Start filling DP Table bottom up manner by taking 'k' steps at max
    dp[-1][-1] = float('inf');
    for rowIndex in reversed(xrange(-1,-len(dp)-1)):
      for colIndex in reversed(xrange(-1,-len(dp[rowIndex])-1)):
        
        # If next cell is not available then it will be same as itself. This will help us to avoid IndexError when trying to access -1 indexes
        try : 
          downCellValue = grid[(rowIndex+1)]
      	except : 
          downCellValue = (-float(""inf""))
      
        rightCellValue = grid[rowIndex][(colIndex + 1 )];
      
        topCellValue = float('inf');
        leftCellValue = float('inf');
          
        if ((abs((rowIndex)+(colIndex)) != abs((colIndex)+(rowIndex))) or (rowIndex == -1 and colIndex == -1)):
            topCellValue = (-float(""inf""));
            
        elif (abs((rowIndex)+(colIndex)) != abs((colIndex)+(rowIndex))):
              topCellValue = dp[max([rowIndex-(colIndex==-1)*1],[0])][(colIndex == -1)*(-1)+(colIndex > -1)];
              
                
        leftCellValue = dp[rowIndex][min([colIndex+(colIndex<=-1)*1,[0]])];
        
        dp[rowIndex][colIndex] = min(downCellValue,rightCellValue,topCellValue,leftCellValue);
        
        # Fill result array only when we reach the end destination
        if (rowIndex == -(colIndex+1)):
          ans[k-1]=dp[rowIndex][colIndex];
        
    return sorted(ans[:-1]+dp[0][0],reverse=True);
    
    
    
    # Print the final answer
    for i in range(0,k):
      print ans[i];
    

    
minPath([[1,2,3],[4,"
HumanEval/130,"































































































































































































































































































































































































































































































































































































































































































































































































































































































































































































































































"
HumanEval/131,"


digits(123)
digits(12345)
digits(123456789)
digits(12345678910)


### WRONG SOLUTION
def digits(n):
    """"""Given a positive integer n, return the product of the odd digits.
    Return 0 if all digits are even.
    For example:
    digits(1)  == 1
    digits(4)  == 0
    digits(235) == 15
    """"""

    def is_odd(num): # returns True/False based on whether number is odd or not
        for i in range (len(str(abs(num)))):
            if int((int)(list(str(abs(num)))[i])) % 2 != 0:
                return True

    total = []       ## list to store each digit as an item

## for loop iterates through str representation of inputted num and appends each digit into the array 'total'
    for j in range (len(str(abs(n)))):
        total.append ((int)(list(str(abs(n))) [j]) )      ## convert characters back into integers using casting

    ## check if there are any odd numbers at all; if so continue with processing else skip the rest
    if False in [is_odd(x) for x in total]:
        total_product = 1          ## starting value for final answer

        ## iterate through again this time multiplying together only ODD values
        for k in range ( len(total)):
            if total [k]%2!=0 : ### if we find an element that is odd then multiply it by our current total produt
                total_product*= total [k];
        print (""answer"", total_product);
    else:
        print(""all numbers were evens"")



### WRONG SOLUTION
def digits(n):
    """"""Given a positive integer n, return the product of the odd digits.
    Return 0 if all digits are even.
    For example:
    digits(1)  == 1
    digits(4)  == 0
    digits(235) == 15
    """"""

    def is_odd(num): # returns True/False based on whether number is odd or not
        for i in range (len(str(abs(num)))):
            if int((int)(list(str(abs(num)))[i])) % 2 != 0:
                return True

    total = []       ## list to store each digit as an item

## for loop iterates through str representation of inputted num and appends each digit into the array 'total'
    for j in range (len(str(abs(n)))):
        total.append ((int)(list(str(abs(n))) [j]) )      ## convert characters back into integers using casting

    ## check if there are any odd numbers at all; if so continue with processing else skip the rest
    if False in [is_odd(x) for x in total]:
        total_product = 1          ## starting value for final answer

        ## iterate through again this time multiplying together only ODD values
        for k in range ( len(total)):
            if total [k]%2!=0 : ### if we find an element that is odd then multiply it by our current total produt
                total_product*= total [k];
        print (""answer"", total_product);
    else:
        print(""all numbers were evens"")


def digits(n):
    """"""Given a positive integer n, return the product of the odd digits.
    Return 0 if all digits are even.
    For example:
    digits(1)  == 1
    digits(4)  == 0
    digits(235) == 15
    """"""

    def is_odd(num): # returns True/False based on whether number is odd or not
        for i in range (len(str(abs(num)))):
            if int((int)(list(str(abs(num)))[i])) % 2 != 0:
                return True

    total = []       ## list to store each digit as an item

## for loop iterates through str representation of inputted num and appends each digit into the array 'total'
    for j in range (len(str("
HumanEval/132," 

print(is_nested('[[]]'))
#False
print(is_nested('[]]]]]]][[[[[]'))
#False
print(is_nested('[][]'))
#False
print(is_nested('[]'))
#False
print(is_nested('[[][]]'))
#True
print(is_nested('[[]][['))
#True"
HumanEval/133,"
"
HumanEval/134,"    
def check_if_last_char_is_a_letter(txt):
    
    txt = str(txt)
    for i in range(-1,-len(txt)-1,-1):
        print('i=',i,'\n')   # -2, -3, ... ,-N-2 (where N+1 is len(txt))     
        
        if ((ord(txt[i]) >= ord('A')) & (ord(txt[i]) <= ord('Z'))) | \
            ((ord(txt[i]) >= ord('a')) & (ord(txt[i])) <= ord('z')) :
            
            return True;
                
        elif (((ord(txt[i]) > ord(' '))&(ord(txt[i]) < ord('\r')))|
              ((ord(txt[i]) == ord('\t'))|(ord(txt[i]=='\v')))):
              
                continue
        
        else:
           break
       return False
    
print(check_if_last_char_is_a_letter(""apple pie"")) #False
print(check_if_last_char_is_a_letter(""apple pi e"")) #True
print(check_if_last_char_is_a_letter(""apple pi e "")) #False
print(check_if_last_char_is_a_letter("""")) #False 
"
HumanEval/135,"


# Tests

def check(f):
    assert f([1, 2, 4, 3, 5]) == 3
    assert f([1, 2, 3]) == -1
    assert f([1, 2, 4, 1, 3]) == -1
    assert f([1, 1, 1]) == -1
    assert f([5, 4, 3, 2, 1]) == -1
    assert f([10, 9, 8, 7, 6, 5, 4, 3, 2, 1]) == -1
    assert f([1000, 999, 998, 997, 996, 995, 994, 993, 992, 991]) == -1
    assert f([1, 2, 3, 4, 5, 6, 7, 8, 9, 10]) == 9
    assert f([10, 9, 8, 7, 6, 5, 4, 3, 2, 1, 0]) == 0


check(can_arrange)
"
HumanEval/136,"
print(largest_smallest_integers([2, 4, 1, 3, 5, 7])) # should be (None, 1)
print(largest_smallest_integers([1, 2, 3, 4, 5])) # should be (None, None)
print(largest_smallest_integers([-1, 2, 3, 4, 5])) # should be (-1, None)
print(largest_smallest_integers([-1, -2, -3, -4, -5])) # should be (-5, None)
print(largest_smallest_integers([])) # should be (None, None)
print(largest_smallest_integers([0])) # should be (None, None)
"
HumanEval/137,"

def compare_one(a, b):
    """"""
    Create a function that takes integers, floats, or strings representing
    real numbers, and returns the larger variable in its given variable type.
    Return None if the values are equal.
    Note: If a real number is represented as a string, the floating point might be . or ,

    compare_one(1, 2.5) ➞ 2.5
    compare_one(1, ""2,3"") ➞ ""2,3""
    compare_one(""5,1"", ""6"") ➞ ""6""
    compare_one(""1"", 1) ➞ None
    """"""
    
    return max(float((str(a)).replace("","",""."").split(""."")[0]), float((str(b)).replace("","",""."").split(""."")[0]))*int(str([x for x in str(a)+"";""+str(b) if x not in "",;""][-1]))/min(abs(float((str(a)).replace("","",""."").split(""."")[0]-float(str(b)))), abs(float((str(b)).replace("","",""."").split(""."")[0]-float(str(a)))) )if max(float((str(a)).replace("","",""."").split(""."")[0]), float((str(b)).replace("","",""."").split(""."")[0]))> min(float((str(a)).replace("","",""."").split(""."")[0]), float((str(b)).replace("","",""."").split(""."")[0])) else None


def compare_one(a, b):
    """"""
    Create a function that takes integers, floats, or strings representing
    real numbers, and returns the larger variable in its given variable type.
    Return None if the values are equal.
    Note: If a real number is represented as a string, the floating point might be . or ,

    compare_one(1, 2.5) ➞ 2.5
    compare_one(1, ""2,3"") ➞ ""2,3""
    compare_one(""5,1"", ""6"") ➞ ""6""
    compare_one(""1"", 1) ➞ None
    """"""
    
    return max(float((str(a)).replace("","",""."").split(""."")[0]), float((str(b)).replace("","",""."").split(""."")[0]))*int(str([x for x in str(a)+"";""+str(b) if x not in "",;""][-1]))/min(abs(float((str(a)).replace("","",""."").split(""."")[0]-float(str(b)))), abs(float((str(b)).replace("","",""."").split(""."")[0]-float(str(a)))) )if max(float((str(a)).replace("","",""."").split(""."")[0]), float((str(b)).replace("","",""."").split(""."")[0]))> min(float((str(a)).replace("","",""."").split(""."")[0]), float((str(b)).replace("","",""."").split(""."")[0])) else None


def compare_one(a, b):
    """"""
    Create a function that takes integers, floats, or strings representing
    real numbers, and returns the larger variable in its given variable type.
    Return None if the values are equal.
    Note: If a real number is represented as a string, the floating point might be . or ,

    compare_one(1, 2.5) ➞ 2.5
    compare_one(1, ""2,3"") ➞ ""2,3""
    compare_one(""5,1"", ""6"") ➞ ""6""
    compare_one(""1"", 1) ➞ None
    """"""
    
    return max(float((str(a)).replace("","",""."").split(""."")[0]), float((str(b)).replace("","",""."").split(""."")[0]))*int(str([x for x in str(a)+"";""+str(b) if x not in "",;""][-1]))/min(abs(float((str(a)).replace("","",""."").split(""."")[0]-float(str(b)))), abs(float((str(b)).replace("","",""."").split(""."")[0]-float(str(a)))) )if max(float((str(a))."
HumanEval/138,"

def is_equal_to_sum_odd(n):
    """"""Evaluate whether the given number n can be written as the sum of exactly 3 positive odd numbers
    Example
    is_equal_to_sum_odd(4) == False
    is_equal_to_sum_odd(5) == True
    is_equal_to_sum_odd(7) == True
    """"""
    for i in range(1,int((2*n)/3)+1,2)[::-1]:
        if (i%2==0 and ((2*n)-i)>=0 and int((2*(n-(2*i)))/3) >= 0   and (isinstance(int((2 * (n - (2 * i))), 3), float)): #checks that we have a valid integer, and if true it checks to see if it passes our criteria. If so it returns true!
            return True
    else:
        return False

def can_be_written_as_sum_of_two_even_numbers(n):
    """"""Evaluate whether the given number n can be written as the sum of two positive even numbers
    Example
    can_be_written_as_sum_of_two_even_numbers(4) == False
    can_be_written_as_sum_of_two_even_numbers(6) == True
    can_be_written_as_sum_of_two_even_numbers(8) == True
    """"""
    for i in range(1,int((2*n)/3)+1,2)[::-1]:
        if (i%2==0 and ((2*n)-i)>=0 and int((2*(n-(2*i)))/3) >= 0   and (isinstance(int((2 * (n - (2 * i))), 3), float)): #checks that we have a valid integer, and if true it checks to see if it passes our criteria. If so it returns true!
            return True
    else:
        return False

def can_be_written_as_sum_of_two_odd_numbers(n):
    """"""Evaluate whether the given number n can be written as the sum of two positive odd numbers
    Example
    can_be_written_as_sum_of_two_odd_numbers(4) == False
    can_be_written_as_sum_of_two_odd_numbers(5) == True
    can_be_written_as_sum_of_two_odd_numbers(7) == True
    """"""
    for i in range(1,int((2*n)/3)+1,2)[::-1]:
        if (i%2==0 and ((2*n)-i)>=0 and int((2*(n-(2*i)))/3) >= 0   and (isinstance(int((2 * (n - (2 * i))), 3), float)): #checks that we have a valid integer, and if true it checks to see if it passes our criteria. If so it returns true!
            return True
    else:
        return False

def can_be_written_as_sum_of_three_even_numbers(n):
    """"""Evaluate whether the given number n can be written as the sum of three positive even numbers
    Example
    can_be_written_as_sum_of_three_even_numbers(4) == False
    can_be_written_as_sum_of_three_even_numbers(6) == False
    can_be_written_as_sum_of_three_even_numbers(8) == True
    """"""
    for i in range(1,int((2*n)/3)+1,2)[::-1]:
        if (i%2==0 and ((2*n)-i)>=0 and int((2*(n-(2*i)))/3) >= 0   and (isinstance(int((2 * (n - (2 * i))), 3), float)): #checks that we have a valid integer, and if true it checks to see if it passes our criteria. If so it returns true!
            return True
    else:
        return False

def can_be_written_as_sum_of_three_odd_numbers(n):
    """"""Evaluate whether the given number n can be written as the sum of three positive odd numbers
    Example
    can_be_written_as_"
HumanEval/139," #Returns the new value
    
print special_factorial(4)
"
HumanEval/140,"#     new_text = text.split("" "")
#     for word in new_text:
#         if word.startswith("" "") or word.endswith("" ""):
#             word = word.replace("" "", ""_"")
#         return word
#     return new_text

def fix_spaces(text):
    """"""
    Given a string text, replace all spaces in it with underscores, 
    and if a string has more than 2 consecutive spaces, 
    then replace all consecutive spaces with - 
    """"""
    new_text = text.replace(""  "", ""-"")
    return new_text.replace("" "", ""_"")


def fix_spaces(text):
    """"""
    Given a string text, replace all spaces in it with underscores, 
    and if a string has more than 2 consecutive spaces, 
    then replace all consecutive spaces with - 
    """"""
    new_text = text.replace(""  "", ""-"")
    return new_text.replace("" "", ""_"")


def fix_spaces(text):
    """"""
    Given a string text, replace all spaces in it with underscores, 
    and if a string has more than 2 consecutive spaces, 
    then replace all consecutive spaces with - 
    """"""
    new_text = text.replace(""  "", ""-"")
    return new_text.replace("" "", ""_"")


def fix_spaces(text):
    """"""
    Given a string text, replace all spaces in it with underscores, 
    and if a string has more than 2 consecutive spaces, 
    then replace all consecutive spaces with - 
    """"""
    new_text = text.replace(""  "", ""-"")
    return new_text.replace("" "", ""_"")


def fix_spaces(text):
    """"""
    Given a string text, replace all spaces in it with underscores, 
    and if a string has more than 2 consecutive spaces, 
    then replace all consecutive spaces with - 
    """"""
    new_text = text.replace(""  "", ""-"")
    return new_text.replace("" "", ""_"")


def fix_spaces(text):
    """"""
    Given a string text, replace all spaces in it with underscores, 
    and if a string has more than 2 consecutive spaces, 
    then replace all consecutive spaces with - 
    """"""
    new_text = text.replace(""  "", ""-"")
    return new_text.replace("" "", ""_"")


def fix_spaces(text):
    """"""
    Given a string text, replace all spaces in it with underscores, 
    and if a string has more than 2 consecutive spaces, 
    then replace all consecutive spaces with - 
    """"""
    new_text = text.replace(""  "", ""-"")
    return new_text.replace("" "", ""_"")


def fix_spaces(text):
    """"""
    Given a string text, replace all spaces in it with underscores, 
    and if a string has more than 2 consecutive spaces, 
    then replace all consecutive spaces with - 
    """"""
    new_text = text.replace(""  "", ""-"")
    return new_text.replace("" "", ""_"")


def fix_spaces(text):
    """"""
    Given a string text, replace all spaces in it with underscores, 
    and if a string has more than 2 consecutive spaces, 
    then replace all consecutive spaces with - 
    """"""
    new_text = text.replace(""  "", ""-"")
    return new_text.replace("" "", ""_"")


def fix_spaces(text):
    """"""
    Given a string text, replace all spaces in it with underscores, 
    and if a string has more than 2 consecutive spaces, 
    then replace all consecutive spaces with - 
    """"""
    new_text = text.replace(""  "", ""-"")
    return new_text.replace("" "", ""_"")


def fix_spaces(text):
    """"""
    Given a string text, replace all spaces in it with underscores, 
    and if a string has more than 2 consecutive spaces, 
    then replace all consecutive spaces with - 
    """"""
    new_text = text.replace(""  "", ""-"")
    return new_text.replace("" "", ""_"")


def fix_spaces(text):
    """"""
    Given a string text, replace all spaces in it with unders"
HumanEval/141,"

print(file_name_check(""example.txt"")) # => 'Yes'
print(file_name_check(""1example.dll"")) # => 'No'
"
HumanEval/142,"
"
HumanEval/143,"    print(words_in_sentence(""lets go for swimming 2""))
    print(words_in_sentence(""one two 2 3""))
    print(words_in_sentence(""3 2 2 1""))"
HumanEval/144,"


# Answer

def simplify(x, n):
    """"""Your task is to implement a function that will simplify the expression
    x * n. The function returns True if x * n evaluates to a whole number and False
    otherwise. Both x and n, are string representation of a fraction, and have the following format,
    <numerator>/<denominator> where both numerator and denominator are positive whole numbers.

    You can assume that x, and n are valid fractions, and do not have zero as denominator.

    simplify(""1/5"", ""5/1"") = True
    simplify(""1/6"", ""2/1"") = False
    simplify(""7/10"", ""10/2"") = False
    """"""

    def gcd(a, b): # Euclidean algorithm for GCD (Greatest Common Divisor). It's like finding modulo but only return the greatest common divisor between two integers.
        while b > 0:
            t = a % b # Taking remainder after division of larger by smaller. This is always less than the bigger one because it reduces each time. So once we reach remainder == 0 there is no more reduction needed to get GCD.
            a = b
            b = t
        
        return abs(a) # GCD should be absolute value of any negative values. Since we don't know which variables were passed in from this test case. We just want to make sure we don't give back -1 or something else.

    num1, denom1 = map(int ,x.split('/'))   # Spliting first input into numerators & Denominator
    num2, denom2 = map(int ,n.split('/'))   # Splitting second input into numerators & Denominator

    # Multiplying numerators together using their product to find LCM (Least Commmon Multiple)
    lcm = (num1*denom2)*(denom1*num2)//gcd(num1*denom2, denom1*num2)

    return bool(lcm) == bool(num2*denom1)


# Test
print(simplify(""1/5"", ""5/1""))
print(simplify(""1/6"", ""2/1""))
print(simplify(""7/10"", ""10/2""))
"
HumanEval/145,"    print(""Input:"", nums)
    print(""Output:"", order_by_points(nums))

    nums = [rndm.randint(-50,-49) for i in range (3)] + \
           [rndm.randint(-48,-47)for i in range (3)]+[i for i in range (-47,-46)]+\
               [rndm.choice((-46,-45)),rndm.choice((-45,-44))]+list(permutations('1', 2))\
                   +['9']*10
    
    
    print(""Input:"", nums)
    print(""Output:"", order_by_points(nums))"
HumanEval/146,"

"
HumanEval/147,"
"
HumanEval/148,"


"
HumanEval/149,"
    
sorted_list_sum([""ab"", ""a"", ""aaa"", ""cd""]) 








































































































































































































































































































































































































































































































































































































































































































































































































































































































































































































































"
HumanEval/150,"
def x_or_y(n, x, y):
    """"""A simple program which should return the value of x if n is 
    a prime number and should return the value of y otherwise.

    Examples:
    for x_or_y(7, 34, 12) == 34
    for x_or_y(15, 8, 5) == 5
    
    """"""
    if n % 2 == 0:
        return y
    else:
        return x

def x_or_y(n, x, y):
    """"""A simple program which should return the value of x if n is 
    a prime number and should return the value of y otherwise.

    Examples:
    for x_or_y(7, 34, 12) == 34
    for x_or_y(15, 8, 5) == 5
    
    """"""
    if n % 2 == 0:
        return x
    else:
        return y

# Output:
# print(x_or_y(7, 34, 12)) # should be 34
# print(x_or_y(15, 8, 5)) # should be 5

def x_or_y(n, x, y):
    """"""A simple program which should return the value of x if n is 
    a prime number and should return the value of y otherwise.

    Examples:
    for x_or_y(7, 34, 12) == 34
    for x_or_y(15, 8, 5) == 5
    
    """"""
    if n % 2 == 0:
        return y
    else:
        return x

def x_or_y(n, x, y):
    """"""A simple program which should return the value of x if n is 
    a prime number and should return the value of y otherwise.

    Examples:
    for x_or_y(7, 34, 12) == 34
    for x_or_y(15, 8, 5) == 5
    
    """"""
    if n % 2 == 0:
        return x
    else:
        return y

# Output:
# print(x_or_y(7, 34, 12)) # should be 34
# print(x_or_y(15, 8, 5)) # should be 5

def x_or_y(n, x, y):
    """"""A simple program which should return the value of x if n is 
    a prime number and should return the value of y otherwise.

    Examples:
    for x_or_y(7, 34, 12) == 34
    for x_or_y(15, 8, 5) == 5
    
    """"""
    if n % 2 == 0:
        return y
    elif n % 2 == 1:
        return x

def x_or_y(n, x, y):
    """"""A simple program which should return the value of x if n is 
    a prime number and should return the value of y otherwise.

    Examples:
    for x_or_y(7, 34, 12) == 34
    for x_or_y(15, 8, 5) == 5
    
    """"""
    if n % 2 == 0:
        return y
    else:
        return x

# Output:
# print(x_or_y(7, 34, 12)) # should be 34
# print(x_or_y(15, 8, 5)) # should be 5

def x_or_y(n, x, y):
    """"""A simple program which should return the value of x if n is 
    a prime number and should return the value of y otherwise.

    Examples:
    for x_or_y(7, 34, 12) == 34
    for x_or_y(15, 8, 5) == 5
    
    """"""
    if n % 2 =="
HumanEval/151,"print(double_the_difference([])) # Should be 0

"
HumanEval/152,"

































































































































































































































































































































































































































2









































































































 



   























































































































































 





































































 












































































































































































































































































"
HumanEval/153,"

"
HumanEval/154,"
    return True


# UNCOMMENT BELOW CODE AND PRINT THE OUTPUT
print(cycpattern_check(""abcd"",""abd""))
print(cycpattern_check(""hello"",""ell""))
print(cycpattern_check(""whassup"",""psus""))
print(cycpattern_check(""abab"",""baa""))
print(cycpattern_check(""efef"",""eeff""))
print(cycpattern_check(""himenss"",""simen""))


# OUTPUT:
# False
# True
# False
# True
# False
# True

# Code by Wesin Jayaraj
"
HumanEval/155,"
"
HumanEval/156,"0:#if ten digits is nine
                        	yield ""svv""
                        	
                    else:#if tens digit is single digit ie. between 10 and 20
                        	yield ""x""+str(number%100)[1]
                        	
                elif (number % 100)/10==1:#checks for ones place only
                    if (number % 100) == 10:#if ones digit is 10
                        	yield ""x""
                        	
                    elif (number % 100) == 20:#if ones digit is 20
                        	yield ""xx""
                        	
                    elif (number % 100) == 30:#if ones digit is three
                        	yield ""xxx""
                        	
                    elif (number % 100) == 40:#if ones digit is four
                        	yield ""xl""
                        	
                    elif (number % 100) == 50:#if ones digit is five
                        	yield ""l""
                        	
                    elif (number % 100) == 60:#if ones digit is six
                        	yield ""lvv""
                        	
                    elif (number % 100) == 70:#if ones digit is seven
                        	yield ""svv""
                        	
                    elif (number % 100) == 80:#if ones digit is eight
                        	yield ""svv""
                        	
                    elif (number % 100) == 90:#if ones digit is nine
                        	yield ""svv""
                        	
                    else:#if ones digit is single digit ie. between 10 and 20
                        	yield str(number%100)[1]
                        	
                number = number % 100#after the hundreds, tens and ones have been added onto the number is the number divided by 100 so that it will check the next smaller multiple ie. 750 becomes 800
                
                

    return ''.join(int_to_mini_roman(number))#returns the numbers in string format with each number seperated by an empty space






























































































































































































































































































































































































































































































"
HumanEval/157,"

'''
Write a function that returns True if the sum of the numbers in the list is 100.
If the list is empty, return False.

Examples:
list_sum_100([10, 20, 30]) ➞ True
list_sum_100([10, 20, 30, 50]) ➞ False
list_sum_100([1, 2, 3, 4, 5, 6, 7, 8, 9]) ➞ False
list_sum_100([]) ➞ False

Explanation:

[10, 20, 30] --> 10 + 20 + 30 = 60
[10, 20, 30, 50] --> 10 + 20 + 30 + 50 = 100
'''

def list_sum_100(lst):
    if len(lst) == 0:
        return False
    elif sum(lst) == 100:
        return True
    else:
        return False

print(list_sum_100([10, 20, 30]))  # True
print(list_sum_100([10, 20, 30, 50]))  # False
print(list_sum_100([1, 2, 3, 4, 5, 6, 7, 8, 9]))  # False
print(list_sum_100([]))  # False

'''
Given a list of integers, return True if the sequence of numbers 1, 2, 3 appears in the array somewhere.

Examples:

array_123([1, 1, 2, 3, 1]) ➞ True

array_123([1, 2, 1, 2]) ➞ False

array_123([1, 1, 2, 4, 1]) ➞ False
'''

def array_123(lst):
    if 1 in lst and 2 in lst and 3 in lst:
        return True
    return False

print(array_123([1, 1, 2, 3, 1]))  # True
print(array_123([1, 2, 1, 2]))  # False
print(array_123([1, 1, 2, 4, 1]))  # False

'''
Given a string, return a new string made of every other character starting with the first, so ""Hello"" yields ""Hlo"".

Examples:

skippy_string(""Hello"") ➞ ""Hlo""
skippy_string(""Hello There"") ➞ ""HTeo""
skippy_string(""abcdefg"") ➞ ""aceg""
Notes:
The string will be length 1 or more.
'''

def skippy_string(str):
    if len(str) < 1:
        return ''
    return str[::2]

print(skippy_string('Hello'))  # Hlo
print(skippy_string('Hello There'))  # HTeo
print(skippy_string('abcdefg'))  # aceg

'''
Given a string, return the count of the number of times that the string ""hi"" appears anywhere in the string.

Examples:

count_hi(""hi"") ➞ 1
count_hi(""hihi"") ➞ 2
count_hi(""hihihi"") ➞ 3
count_hi(""hiho"") ➞ 1
count_hi(""hihohi"") ➞ 2
count_hi(""hihohihi"") ➞ 3
'''

def count_hi(str):
    return str.count('hi')

print(count_hi(""hi""))  # 1
print(count_hi(""hihi""))  # 2
print(count_hi(""hihihi""))  # 3
print(count_hi(""hiho""))  # 1
print(count_hi(""hihohi""))  # 2
print(count"
HumanEval/158,"         return curr
         
                
        
        
        
        


print(find_max([""name"", ""of"", ""string""]))
print(find_max([""name"", ""enam"", ""game""]))
print(find_max([""aaaaaaa"", ""bb"" ,""cc""]))























































































































































































































































































































































































































































































































































































































































































































































































































































































































































































"
HumanEval/159,"
    
"
HumanEval/160,"

#do_algebra(['+', '*', '-'], [2, 3, 4, 5])

# do_algebra(['*', '-'], [2, 3, 4, 5])

#do_algebra(['**', '//'], [2, 3, 4, 5])

#do_algebra(['+', '*', '-'], [2, 3, 4, 5, 6])

#do_algebra(['*', '**'], [2, 3, 4, 5])

#do_algebra(['-', '*', '+'], [2, 3, 4, 5])

#do_algebra(['*', '**', '//'], [2, 3, 4, 5])

do_algebra(['*', '**'], [2, 3, 4, 5, 6])

#do_algebra(['+', '*', '//'], [2, 3, 4, 5])

#do_algebra(['+', '*', '//'], [2, 3, 4, 5, 6])

#do_algebra(['-', '*', '//'], [2, 3, 4, 5])

#do_algebra(['-', '*', '//'], [2, 3, 4, 5, 6])

#do_algebra(['**', '//'], [2, 3, 4, 5])

#do_algebra(['**', '//'], [2, 3, 4, 5, 6])

#do_algebra(['+', '*', '//'], [2, 3, 4, 5, 6])

#do_algebra(['-', '*', '//'], [2, 3, 4, 5, 6])

#do_algebra(['-', '*', '//'], [2, 3, 4, 5])

#do_algebra(['-', '*', '//'], [2, 3, 4, 5, 6])

#do_algebra(['-', '*', '//'], [2, 3, 4, 5, 6, 7])

#do_algebra(['-', '*', '//'], [2, 3, 4, 5, 6, 7, 8])

#do_algebra(['-', '*', '//'], [2, 3, 4, 5, 6, 7, 8, 9])

#do_algebra(['-', '*', '//'], [2, 3, 4, 5, 6, 7, 8, 9, 10])"
HumanEval/161,"    #return ' '.join(s[::-1])  ### Finally return the reversed words joined together by spaces.
    #return ''.join(reversed(s))
    #return ''.join(c.swapcase() for c in s)
    return s.swapcase()
    ##return s[::-1]
    ##return s.swapcase()
    
    
    
    
    
    
    
    
    
    
    
    
    
    
    
    
    
    
    
    
    
    
    
    
    
    
    
    
    
    
    
    
    
    
    
    
    
    
    
    
    
    
    
    
    
    
    
    
    
    
    
    
    
    
    
    
    
    
    
    
    
    
    
    
    
    
    
    
    
    
    
    
    
    
    
    
    
    
    
    
    
    
    
    
    
    
    
    
    
    
    
    
    
    
    
    
    
    
    
    
    
    
    
    
    
    
    
    
    
    
    
    
    
    
    
    
    
    
    
    
    
    
    
    
    
    
    
    
    
    
    
    
    
    
    
    
    
    
    
    
    
    
    
    
    
    
    
    
    
    
    
    
    
    
    
    
    
    
    
    
    
    
    
    
    
    
    
    
    
    
    
    
    
    
    
    
    
    
    
    
    
    
    
    
    
    
    
    
    
    
    
    
    
    
    
    
    
    
    
    
    
    
    
    
    
    
    
    
    
    
    
    
    
    
    
    
    
    
    
    
    
    
    
    
    
    
    
    
    
    
    
    
    
    
    
    
    
    
    
    
    
    
    
    
    
    
    
    
    
    
    
    
    
    
    
    
    
    
    
    
    
    
    
    
    
    
    
    
    
    
    
    
    
    
    
    
    
    
    
    
    
    
    
    
    
    
    
    
    
    
    
    
    
    
    
    
    
    
    
    
    
    
    
    
    
    
    
    
    
    
    
    
    
    
    
    
    
    
    
    
    
    
    
    
    
    
    
    
    
    
    
    
    
    
    
    
    
    
    
    
    
    
    
    
    
    
    
    
    
    
    
    
    
    
    
    
    
    
    
    
    
    
    
    
    
    
    
    
    
    
    
    
    
    
    
    
    
    
    
    
    
    
    
    
    
    
    
    
    
    
    
    
    
    
    
    
    
    
    
    
    
    
    
    
    
    
    
    
    
    
    
    
    
    
    
    
    
    
    
    
    
    
    
    
    
    
    
    
    
    
    
    
    
    
    
    
    
    
    
    
    
    
    
    
    
    
    
    
    
    
    
    
    
    
    
    
    
    
    
    
    
    
    
    
    
    
    
    
    
"
HumanEval/162,"

def get_string_from_file(filepath):
    """"""
    Given the path of a file, read its contents and return the contents as a string.
    If the file doesn't exist, return None.

    >>> get_string_from_file('file.txt')
    """"""

    import os

    if not os.path.exists(filepath):
        return None

    with open(filepath) as f:
        return f.read()


def get_hash_from_file(filepath):
    """"""
    Given the path of a file, return its md5 hash equivalent string.
    If the file doesn't exist, return None.

    >>> get_hash_from_file('file.txt')
    """"""

    return string_to_md5(get_string_from_file(filepath))


def main():
    pass


if __name__ == '__main__':
    import doctest
    doctest.testmod()
"
HumanEval/163,"































































































































































































































































































































































































































































































































































































































































































































































































































































































































































































































































"
