task_id,completion,prompt
HumanEval/0,"    numbers_to_check = sorted(numbers)
    for i in range(len(numbers_to_check) - 1):
        if numbers_to_check[i + 1] - numbers_to_check[i] <= threshold:
            return True
    return False


if __name__ == ""__main__"":
    import doctest

    doctest.testmod(verbose=True)
","from typing import List


def has_close_elements(numbers: List[float], threshold: float) -> bool:
    """""" Check if in given list of numbers, are any two numbers closer to each other than
    given threshold.
    >>> has_close_elements([1.0, 2.0, 3.0], 0.5)
    False
    >>> has_close_elements([1.0, 2.8, 3.0, 4.0, 5.0, 2.0], 0.3)
    True
    """"""
"
HumanEval/1,"
    parens = []
     # Stack for keeping track of matching brackets. Initially stack will be empty.
    stack = []

    # Traverse through all characters of input string.
    print("""".join([x if x == "")"" else f""({x}"" for x in paren_string]))

    try:
        for i, ch in enumerate(list("""".join([x if x != "" "" else """" for x in paren_string] + ["")""] * len(stack)))):
            if ch == "")"":
                val = """"
                  ## Pop the top operator from stack
                while True:
                    op = stack.pop(-1)
                      ## Break when we find an opening bracket
                    if op == ""("": break
                    val += op
              ### Push the calculated result back to output queue
                parens.append(val)
            elif ch == ""("":
                stack.append(ch)
    except IndexError as e:
        pass
         # If stack is empty, then no valid expression can be formed
    assert len(stack) <= 0
    return parens
","from typing import List


def separate_paren_groups(paren_string: str) -> List[str]:
    """""" Input to this function is a string containing multiple groups of nested parentheses. Your goal is to
    separate those group into separate strings and return the list of those.
    Separate groups are balanced (each open brace is properly closed) and not nested within each other
    Ignore any spaces in the input string.
    >>> separate_paren_groups('( ) (( )) (( )( ))')
    ['()', '(())', '(()())']
    """"""
"
HumanEval/2,"    return number - int(number)


def is_pythagorean_triplet(a: int, b: int, c: int) -> bool:
    """""" Given three positive integers a, b and c,
    check if they form a Pythagorean triplet.

    Return True if they do, False otherwise.
    >>> is_pythagorean_triplet(3, 4, 5)
    True
    """"""
    return a**2 + b**2 == c**2


def is_pythagorean_triplet_2(a: int, b: int, c: int) -> bool:
    """""" Given three positive integers a, b and c,
    check if they form a Pythagorean triplet.

    Return True if they do, False otherwise.
    >>> is_pythagorean_triplet_2(3, 4, 5)
    True
    """"""
    return truncate_number(a**2 + b**2) == c**2


if __name__ == ""__main__"":
    import doctest
    doctest.testmod()
","

def truncate_number(number: float) -> float:
    """""" Given a positive floating point number, it can be decomposed into
    and integer part (largest integer smaller than given number) and decimals
    (leftover part always smaller than 1).

    Return the decimal part of the number.
    >>> truncate_number(3.5)
    0.5
    """"""
"
HumanEval/3,"    balance = 0
    for operation in operations:
        balance += operation
        if balance < 0:
            return True
    return False


if __name__ == ""__main__"":
    import doctest

    doctest.testmod()
","from typing import List


def below_zero(operations: List[int]) -> bool:
    """""" You're given a list of deposit and withdrawal operations on a bank account that starts with
    zero balance. Your task is to detect if at any point the balance of account fallls below zero, and
    at that point function should return True. Otherwise it should return False.
    >>> below_zero([1, 2, 3])
    False
    >>> below_zero([1, 2, -4, 5])
    True
    """"""
"
HumanEval/4,"    numbers_mean = sum(numbers) / len(numbers)
    return sum([abs(x - numbers_mean) for x in numbers]) / len(numbers)


if __name__ == ""__main__"":
    import doctest
    doctest.testmod(verbose=True)
","from typing import List


def mean_absolute_deviation(numbers: List[float]) -> float:
    """""" For a given list of input numbers, calculate Mean Absolute Deviation
    around the mean of this dataset.
    Mean Absolute Deviation is the average absolute difference between each
    element and a centerpoint (mean in this case):
    MAD = average | x - x_mean |
    >>> mean_absolute_deviation([1.0, 2.0, 3.0, 4.0])
    1.0
    """"""
"
HumanEval/5,"    if len(numbers) == 0 or numbers is None:
        return []
    
    output = [(x := (i:=number)) for i in range(len(numbers))]
    # print('output:', output)
  
    result = []
    for index_inp, _ in enumerate(numbers):
        
       try:     
            nextElement=numbers[(index_inp+1)]
            
            currentElement = numbers[(index_inp)]
            prevElement= numbers[(index_inp-1)] 
           # print(""prev"", prevElement,""current"" , currentElement,""next"", nextElement )         


               
                   
            if (((index_inp + 1)>=len(numbers))) and ((index_inp - 1 >=0)):              
              if (currentElement!=nextElement):
               #print (""result after appending  "", (currentElement), ""and"", (nextElement))
                result.append(currentElement)
              
              elif(index_inp==(len(numbers)-1)):
                pass#print ('no need to append last element')
              else :
                continue;
                
                 
                  
            elif ((index_inp != 0)) & (currentElement < nextElement) & (nextElement > prevElement) :
               #print (""appending number "", currentElement)
                result.append(currentElement)
                result.append(delimeter)
            
            
            
            elif ((index_inp != 0))& (currentElement<nextElement)&(nextElement<= prevElement):
                break
           

            else:#if the element already exists in the list then we just add it without inserting new delimiter as it will be added by other iteration
              if not (any(i==currentElement for i in result)):
                result.append(currentElement)
                #print (""element alredy exits"")

              
                
       except Exception as e:
        raise ValueError(e)
    return result[:-1];
","from typing import List


def intersperse(numbers: List[int], delimeter: int) -> List[int]:
    """""" Insert a number 'delimeter' between every two consecutive elements of input list `numbers'
    >>> intersperse([], 4)
    []
    >>> intersperse([1, 2, 3], 4)
    [1, 4, 2, 4, 3]
    """"""
"
HumanEval/6,"
    # ----------------------Recursive Solution----------------------
    # def check_parentheses(inp):
    #     if len(inp) == 0 or inp[-1].isalnum():
    #         return None

    #     left = right = 0
    #     for char in reversed(list(inp)):
    #         if char == ')' and right < left:
    #             return False
    #         elif char != ')':
    #             break
    #         else:
    #             right += 1
    #     for i, val in enumerate(reversed([char for char in list(inp)])):
    #         if val == '(':
    #             left += 1
    #             if check_parentheses(inp[:i]) is not None:
    #                 return left + check_parentheses(inp[:i])
    #             else:
    #                 return left

    # res = []
    # splitted = paren_string.split("" "")
    # print(splitted)
    # for item in splitted:
    #     maxlevels = check_parentheses(item)
    #     if maxlevels is not None:
    #         res.append(maxlevels)
    #     else:
    #         res.append(-1)

    # return res

    # --------------Stack Based Solution---------------------------
    stack = []
    result = []
    count = 0

    for letter in paren_string:
        if letter == "")"" and len(stack) > 0:
            stack.pop()
            continue

        if letter == ""("":
            stack.append((letter))

    for elem in range(len(result), len(stack)+count+1):
        if elem % 2 == 0:
            pass
","from typing import List


def parse_nested_parens(paren_string: str) -> List[int]:
    """""" Input to this function is a string represented multiple groups for nested parentheses separated by spaces.
    For each of the group, output the deepest level of nesting of parentheses.
    E.g. (()()) has maximum two levels of nesting while ((())) has three.

    >>> parse_nested_parens('(()()) ((())) () ((())()())')
    [2, 3, 1, 3]
    """"""
"
HumanEval/7,"    return list(filter(lambda string: substring in string, strings))


if __name__ == ""__main__"":
    print(filter_by_substring([""abc"", ""bacd"", ""cde"", ""array""], ""a""))
","from typing import List


def filter_by_substring(strings: List[str], substring: str) -> List[str]:
    """""" Filter an input list of strings only for ones that contain given substring
    >>> filter_by_substring([], 'a')
    []
    >>> filter_by_substring(['abc', 'bacd', 'cde', 'array'], 'a')
    ['abc', 'bacd', 'array']
    """"""
"
HumanEval/8,"    sum_ = 0
    product = 1
    for num in numbers:
        sum_ += num
        product *= num
    return sum_, product


if __name__ == ""__main__"":
    import doctest

    doctest.testmod()
","from typing import List, Tuple


def sum_product(numbers: List[int]) -> Tuple[int, int]:
    """""" For a given list of integers, return a tuple consisting of a sum and a product of all the integers in a list.
    Empty sum should be equal to 0 and empty product should be equal to 1.
    >>> sum_product([])
    (0, 1)
    >>> sum_product([1, 2, 3, 4])
    (10, 24)
    """"""
"
HumanEval/9,"    if len(numbers) < 2:
        return numbers

    max_numbers = [None] * len(numbers)
    max_numbers[0] = numbers[0]
    max_numbers[1] = max(numbers[0], numbers[1])

    for i in range(2, len(numbers)):
        max_numbers[i] = max(max_numbers[i - 1], numbers[i])

    return max_numbers


def find_smallest_missing_whole_number_in_list(numbers: List[int]) -> Tuple[int, int]:
    """""" Given a list of natural numbers, find the smallest missing whole number in the sequence.
    >>> find_smallest_missing_whole_number_in_list([1, 2, 3, 4, 5, 6, 7, 9])
    (8, 0)
    >>> find_smallest_missing_whole_number_in_list([1, 2, 4, 5, 6, 7, 8, 10, 11, 12])
    (9, 1)
    """"""
    if len(numbers) < 2:
        return numbers[0] + 1, 0

    max_numbers = rolling_max(numbers)
    max_number = max(max_numbers)
    max_index = max_numbers.index(max_number)
    min_number = numbers[max_index] + 1
    min_index = numbers.index(min_number)

    return min_number, min_index


def find_smallest_missing_whole_number_in_string(numbers: str) -> Tuple[int, int]:
    """""" Given a string of natural numbers, find the smallest missing whole number in the sequence.
    >>> find_smallest_missing_whole_number_in_string(""1, 2, 3, 4, 5, 6, 7, 9"")
    (8, 0)
    >>> find_smallest_missing_whole_number_in_string(""1, 2, 4, 5, 6, 7, 8, 10, 11, 12"")
    (9, 1)
    """"""
    numbers_as_list = numbers.split("", "")
    return find_smallest_missing_whole_number_in_list(numbers_as_list)


if __name__ == ""__main__"":
    import doctest

    doctest.testmod()
","from typing import List, Tuple


def rolling_max(numbers: List[int]) -> List[int]:
    """""" From a given list of integers, generate a list of rolling maximum element found until given moment
    in the sequence.
    >>> rolling_max([1, 2, 3, 2, 3, 4, 2])
    [1, 2, 3, 3, 3, 4, 4]
    """"""
"
HumanEval/10,"    
    # Find index of first non letter char (first space, or end of word).
    i = next((i for i in range(len(string)) if not string[:i].isalpha()), len(string))
    
    # If all letters are present in alphabet then entire string is already a palindrome and we can exit early.
    if i >= len(string):
        return string
        
    # Reverse rest part of input after found position. This will be our left part of result.
    rev = string[i+1:] + string[i:-1][::-1]
    
    # Create new string by appending left reversed part to right side of original string.
    pali = string[-i-1:] + rev
     
    print(f""pali {pali}"")
    return f""{rev}{string[:-i-1]}"", pali
  ","

def is_palindrome(string: str) -> bool:
    """""" Test if given string is a palindrome """"""
    return string == string[::-1]


def make_palindrome(string: str) -> str:
    """""" Find the shortest palindrome that begins with a supplied string.
    Algorithm idea is simple:
    - Find the longest postfix of supplied string that is a palindrome.
    - Append to the end of the string reverse of a string prefix that comes before the palindromic suffix.
    >>> make_palindrome('')
    ''
    >>> make_palindrome('cat')
    'catac'
    >>> make_palindrome('cata')
    'catac'
    """"""
"
HumanEval/11,"    return ''.join('1' if a[i] != b[i] else '0' for i in range(len(a)))


def find_all_xor_combinations(a: str, b: str) -> List[int]:
    """""" Input are two strings a and b consisting only of 1s and 0s.
    Perform binary XOR on these inputs and return result also as a string.
    >>> find_all_xor_combinations('010', '110')
    ['100', '010', '101']
    """"""
    res = []
    for i in range(len(a)):
        res.append(int(a[i], 2) ^ int(b[i], 2))
    return res
","from typing import List


def string_xor(a: str, b: str) -> str:
    """""" Input are two strings a and b consisting only of 1s and 0s.
    Perform binary XOR on these inputs and return result also as a string.
    >>> string_xor('010', '110')
    '100'
    """"""
"
HumanEval/12,"     # 1. Base case (when to stop recursion)
    if len(strings) == 0:
        return None

    mid = int(len(strings)/2)  
     
    left_half = sorted(strings[:mid])
    right_half = sorted(strings[-mid-1::], reverse=True )
      
    return max(longest(left_half), longest(right_half))","from typing import List, Optional


def longest(strings: List[str]) -> Optional[str]:
    """""" Out of list of strings, return the longest one. Return the first one in case of multiple
    strings of the same length. Return None in case the input list is empty.
    >>> longest([])

    >>> longest(['a', 'b', 'c'])
    'a'
    >>> longest(['a', 'bb', 'ccc'])
    'ccc'
    """"""
"
HumanEval/13,"    if a == 0:
        return b
    if b == 0:
        return a
    if a > b:
        return greatest_common_divisor(b, a % b)
    else:
        return greatest_common_divisor(a, b % a)


if __name__ == ""__main__"":
    import doctest
    doctest.testmod()
","

def greatest_common_divisor(a: int, b: int) -> int:
    """""" Return a greatest common divisor of two integers a and b
    >>> greatest_common_divisor(3, 5)
    1
    >>> greatest_common_divisor(25, 15)
    5
    """"""
"
HumanEval/14,"    return [string[:i] for i in range(1, len(string) + 1)]


if __name__ == ""__main__"":
    import doctest
    doctest.testmod()
","from typing import List


def all_prefixes(string: str) -> List[str]:
    """""" Return list of all prefixes from shortest to longest of the input string
    >>> all_prefixes('abc')
    ['a', 'ab', 'abc']
    """"""
"
HumanEval/15,"    ""*** YOUR CODE HERE ***""
    s = ''
    for i in range(n+1):
        s += str(i) + ' '
    return s.strip()


def string_reverse(s: str) -> str:
    """""" Reverses a string s using a stack.
    >>> string_reverse('hello')
    'olleh'
    >>> string_reverse('greeting')
    'gnitreeg'
    """"""
    ""*** YOUR CODE HERE ***""
    stack = []
    for c in s:
        stack.append(c)
    result = ''
    while len(stack) > 0:
        result += stack.pop()
    return result


def list_reverse(lst: list) -> list:
    """""" Reverses a list lst using a stack.
    >>> list_reverse([1, 2, 3, 4, 5])
    [5, 4, 3, 2, 1]
    >>> list_reverse(['a', 'b', 'c', 'd', 'e'])
    ['e', 'd', 'c', 'b', 'a']
    """"""
    ""*** YOUR CODE HERE ***""
    stack = []
    for c in lst:
        stack.append(c)
    result = []
    while len(stack) > 0:
        result.append(stack.pop())
    return result


def list_of_lists_transpose(lists: list) -> list:
    """""" Reverses a list of lists transposing the rows and columns.
    >>> list_of_lists_transpose([[1, 2], [3, 4]])
    [[1, 3], [2, 4]]
    >>> list_of_lists_transpose([[1, 2, 3], [4, 5, 6], [7, 8, 9]])
    [[1, 4, 7], [2, 5, 8], [3, 6, 9]]
    """"""
    ""*** YOUR CODE HERE ***""
    result = []
    for i in range(len(lists[0])):
        lst = []
        for j in range(len(lists)):
            lst.append(lists[j][i])
        result.append(lst)
    return result


def square(n: int) -> int:
    """""" Return the square of n, using the lowest magnitude method.
    >>> square(3)
    9
    >>> square(0)
    0
    >>> square(-3)
    9
    """"""
    ""*** YOUR CODE HERE ***""
    return n ** 2


def fib(n: int) -> int:
    """""" Return the nth Fibonacci number.
    >>> fib(10)
    55
    >>> fib(0)
    0
    >>> fib(1)
    1
    >>> fib(2)
    1
    """"""
    ""*** YOUR CODE HERE ***""
    if n == 0:
        return 0
    if n == 1:
        return 1
    return fib(n-1) + fib(n-2)
","

def string_sequence(n: int) -> str:
    """""" Return a string containing space-delimited numbers starting from 0 upto n inclusive.
    >>> string_sequence(0)
    '0'
    >>> string_sequence(5)
    '0 1 2 3 4 5'
    """"""
"
HumanEval/16,"    return len(set(string.lower()))


if __name__ == '__main__':
    print(count_distinct_characters('xyzXYZ'))
    print(count_distinct_characters('Jerry'))
","

def count_distinct_characters(string: str) -> int:
    """""" Given a string, find out how many distinct characters (regardless of case) does it consist of
    >>> count_distinct_characters('xyzXYZ')
    3
    >>> count_distinct_characters('Jerry')
    4
    """"""
"
HumanEval/17,"    return [4 if note == 'o' else 2 if note == 'o|' else 1 for note in music_string.split()]


if __name__ == '__main__':
    import doctest

    doctest.testmod()
","from typing import List


def parse_music(music_string: str) -> List[int]:
    """""" Input to this function is a string representing musical notes in a special ASCII format.
    Your task is to parse this string and return list of integers corresponding to how many beats does each
    not last.

    Here is a legend:
    'o' - whole note, lasts four beats
    'o|' - half note, lasts two beats
    '.|' - quater note, lasts one beat

    >>> parse_music('o o| .| o| o| .| .| .| .| o o')
    [4, 2, 1, 2, 2, 1, 1, 1, 1, 4, 4]
    """"""
"
HumanEval/18,"    count = 0
    if string == '' or substring == '':
        return count
    for i in range(len(string)):
        if string[i:].startswith(substring):
            count += 1
    return count


if __name__ == ""__main__"":
    import doctest

    doctest.testmod()
","

def how_many_times(string: str, substring: str) -> int:
    """""" Find how many times a given substring can be found in the original string. Count overlaping cases.
    >>> how_many_times('', 'a')
    0
    >>> how_many_times('aaa', 'a')
    3
    >>> how_many_times('aaaa', 'aa')
    3
    """"""
"
HumanEval/19,"    
    # TODO - write your solution.  It can be complete in just two lines if you have a good understanding of argparse! :)
    lst = []
    nums = {'0': [], '1':[], '2':[], '3':[], '4':[], '5':[], '6':[], '7':[], '8':[], '9':[]}  
    for i, x in enumerate (numbers): 
        try: 
            int(x)
            lst += [int(i)] * len([y for y in numbers[i:]])             ##list comprehension 
        except ValueError as e: 
            pass
        
    lis=sorted((lst), key=(lambda n:(str(len(nums[(chr(ord(str(n)))))]))+(chr(ord(str(n))))))       ### lambda function to return value 
                                                                #### by length then character 
    lst=[l for l in list("""".join(map(str,[*lis]))) ]               ###### convert integers back into characters 
    return "" "".join(lst)     ","from typing import List


def sort_numbers(numbers: str) -> str:
    """""" Input is a space-delimited string of numberals from 'zero' to 'nine'.
    Valid choices are 'zero', 'one', 'two', 'three', 'four', 'five', 'six', 'seven', 'eight' and 'nine'.
    Return the string with numbers sorted from smallest to largest
    >>> sort_numbers('three one five')
    'one three five'
    """"""
"
HumanEval/20,"    min_diff = float('inf')
    a = numbers[0]
    b = numbers[1]
    for i in range(len(numbers)):
        for j in range(i + 1, len(numbers)):
            diff = abs(numbers[i] - numbers[j])
            if diff < min_diff:
                min_diff = diff
                a = numbers[i]
                b = numbers[j]

    return min(a, b), max(a, b)


if __name__ == ""__main__"":
    import doctest
    doctest.testmod()
","from typing import List, Tuple


def find_closest_elements(numbers: List[float]) -> Tuple[float, float]:
    """""" From a supplied list of numbers (of length at least two) select and return two that are the closest to each
    other and return them in order (smaller number, larger number).
    >>> find_closest_elements([1.0, 2.0, 3.0, 4.0, 5.0, 2.2])
    (2.0, 2.2)
    >>> find_closest_elements([1.0, 2.0, 3.0, 4.0, 5.0, 2.0])
    (2.0, 2.0)
    """"""
"
HumanEval/21,"    max_number = max(numbers)
    min_number = min(numbers)

    return [
        (number - min_number) / (max_number - min_number)
        for number in numbers
    ]
","from typing import List


def rescale_to_unit(numbers: List[float]) -> List[float]:
    """""" Given list of numbers (of at least two elements), apply a linear transform to that list,
    such that the smallest number will become 0 and the largest will become 1
    >>> rescale_to_unit([1.0, 2.0, 3.0, 4.0, 5.0])
    [0.0, 0.25, 0.5, 0.75, 1.0]
    """"""
"
HumanEval/22,"    return [int(v) for v in values if isinstance(v, int)]


if __name__ == ""__main__"":
    import doctest

    doctest.testmod()
","from typing import List, Any


def filter_integers(values: List[Any]) -> List[int]:
    """""" Filter given list of any python values only for integers
    >>> filter_integers(['a', 3.14, 5])
    [5]
    >>> filter_integers([1, 2, 3, 'abc', {}, []])
    [1, 2, 3]
    """"""
"
HumanEval/23,"    return len(string)


if __name__ == '__main__':
    import doctest
    doctest.testmod()
","

def strlen(string: str) -> int:
    """""" Return length of given string
    >>> strlen('')
    0
    >>> strlen('abc')
    3
    """"""
"
HumanEval/24,"    # for i in range(2, n//2):
        # if n % i == 0:
            # return i
","

def largest_divisor(n: int) -> int:
    """""" For a given number n, find the largest number that divides n evenly, smaller than n
    >>> largest_divisor(15)
    5
    """"""
"
HumanEval/25,"    
    # Create an empty array for result and initialize divisor with current number n
    arr = []
    div_val = n

    while True:                              # Loop through all possible divisors starting at two until we reach one
        if (div_val % 2 == 0):               # If this is a multiple of two...
            div_val /= 2;                    # ... then divide by two
            if (not div_val in arr):         # Check whether or not our new value has already been added
                arr += [2];                   # Add two as its own distinct element into the list so far

        else:                                # Otherwise, check odd numbers
            
            # We will only need to loop through half of remaining potential divisors since we are checking for 3s first
            i = 3;
            j = math.ceil((math.sqrt(div_val))/i);

            while ((i <= div_val) & (j >= 1)):      # As long as both conditions hold true keep going
                if (div_val%i==0):                  # If remainder after division is zero...
                    div_val /= i;                   # ...then remove that factor!
                    if (not div_val in arr):        # Check whether or not our new value has already been added
                        arr+=[i];                   # Add that factor into the list so far

                elif (div_val > j*i-1):          # Condition for when there's no other way but to add ""next"" number
                    break;

                i+=1;                           # Incrementing counter
                j=(int)(math.floor(pow(div_val,(1./i))) + pow(.9,.6));       # This increments based on the square root formula
                #print(""Currently searching {}"".format(i), end='\r')

        # Once all loops have finished, return final answer
        print('arr', arr)
        if div_val != 1 :
            raise ValueError('{} cannot be factored'.format(n))
        else:
            return arr","from typing import List


def factorize(n: int) -> List[int]:
    """""" Return list of prime factors of given integer in the order from smallest to largest.
    Each of the factors should be listed number of times corresponding to how many times it appeares in factorization.
    Input number should be equal to the product of all factors
    >>> factorize(8)
    [2, 2, 2]
    >>> factorize(25)
    [5, 5]
    >>> factorize(70)
    [2, 5, 7]
    """"""
"
HumanEval/26,"    
#    numbers.sort() #O(nlog n)
##    print(""After sorting "",list)
        
    previous = None       ##previous number to compare with current one if they are equal or not; we start from none because we need this first element later on
            
    output=[]            ##final output array which contains only unique values but keeps original order of items
                          ### we will iterate over each item and check if it is similar (equal value) to an item before, if so skip this one; else add it into our final result array output
     
   #### for i in range(len(list)):
        #####if((i+1)>=(len(list))):
           ##### break
	#####print('current number',number,'index' , i ) #we can use index instead of iterator variable 'i'. It doesn't matter here since there is no change in code behaviour by using either of them
        
    ####for number in numbers:#We want to know whether the number has occured previously or not
        ####if ((previous==None)|(number!=previous)):########## if any number occurs for the very first time OR if the number doesnot match then append it to resultant list
                ####output.append(number)######################## append current element into new output list called ""result""
               ####previous = number
    
        ###else:################################################### else dont appned it onto final output array 'result'; since it has already appeared earlier
            pass

    return output","from typing import List


def remove_duplicates(numbers: List[int]) -> List[int]:
    """""" From a list of integers, remove all elements that occur more than once.
    Keep order of elements left the same as in the input.
    >>> remove_duplicates([1, 2, 3, 2, 4])
    [1, 3, 4]
    """"""
"
HumanEval/27,"    return ''.join(c.lower() if c.isupper() else c.upper() for c in string)


def main():
    str1 = input(""Enter a string: "")
    print(flip_case(str1))


if __name__ == ""__main__"":
    main()
","

def flip_case(string: str) -> str:
    """""" For a given string, flip lowercase characters to uppercase and uppercase to lowercase.
    >>> flip_case('Hello')
    'hELLO'
    """"""
"
HumanEval/28,"    return ''.join(strings)


if __name__ == '__main__':
    import doctest
    doctest.testmod()
","from typing import List


def concatenate(strings: List[str]) -> str:
    """""" Concatenate list of strings into a single string
    >>> concatenate([])
    ''
    >>> concatenate(['a', 'b', 'c'])
    'abc'
    """"""
"
HumanEval/29,"    
    return [i for i in strings if (len(i)>0 and 1==i[:min(2, len(i))].find(prefix))]","from typing import List


def filter_by_prefix(strings: List[str], prefix: str) -> List[str]:
    """""" Filter an input list of strings only for ones that start with a given prefix.
    >>> filter_by_prefix([], 'a')
    []
    >>> filter_by_prefix(['abc', 'bcd', 'cde', 'array'], 'a')
    ['abc', 'array']
    """"""
"
HumanEval/30,"    return [x for x in l if x > 0]


if __name__ == ""__main__"":
    import doctest
    doctest.testmod()
","

def get_positive(l: list):
    """"""Return only positive numbers in the list.
    >>> get_positive([-1, 2, -4, 5, 6])
    [2, 5, 6]
    >>> get_positive([5, 3, -5, 2, -3, 3, 9, 0, 123, 1, -10])
    [5, 3, 2, 3, 9, 123, 1]
    """"""
"
HumanEval/31,"    if n == 1:
        return False
    for i in range(2, n):
        if n % i == 0:
            return False
    return True


print(is_prime(11))
print(is_prime(6))
","

def is_prime(n):
    """"""Return true if a given number is prime, and false otherwise.
    >>> is_prime(6)
    False
    >>> is_prime(101)
    True
    >>> is_prime(11)
    True
    >>> is_prime(13441)
    True
    >>> is_prime(61)
    True
    >>> is_prime(4)
    False
    >>> is_prime(1)
    False
    """"""
"
HumanEval/32,"    n = len(xs) // 2 - 1
    return -xs[-2] / xs[-1]
","import math


def poly(xs: list, x: float):
    """"""
    Evaluates polynomial with coefficients xs at point x.
    return xs[0] + xs[1] * x + xs[1] * x^2 + .... xs[n] * x^n
    """"""
    return sum([coeff * math.pow(x, i) for i, coeff in enumerate(xs)])


def find_zero(xs: list):
    """""" xs are coefficients of a polynomial.
    find_zero find x such that poly(x) = 0.
    find_zero returns only only zero point, even if there are many.
    Moreover, find_zero only takes list xs having even number of coefficients
    and largest non zero coefficient as it guarantees
    a solution.
    >>> round(find_zero([1, 2]), 2) # f(x) = 1 + 2x
    -0.5
    >>> round(find_zero([-6, 11, -6, 1]), 2) # (x - 1) * (x - 2) * (x - 3) = -6 + 11x - 6x^2 + x^3
    1.0
    """"""
"
HumanEval/33,"     # Your code goes here!
    
","

def sort_third(l: list):
    """"""This function takes a list l and returns a list l' such that
    l' is identical to l in the indicies that are not divisible by three, while its values at the indicies that are divisible by three are equal
    to the values of the corresponding indicies of l, but sorted.
    >>> sort_third([1, 2, 3])
    [1, 2, 3]
    >>> sort_third([5, 6, 3, 4, 8, 9, 2])
    [2, 6, 3, 4, 8, 9, 5]
    """"""
"
HumanEval/34,"    
    return list(set(sorted(l)))","

def unique(l: list):
    """"""Return sorted unique elements in a list
    >>> unique([5, 3, 5, 2, 3, 3, 9, 0, 123])
    [0, 2, 3, 5, 9, 123]
    """"""
"
HumanEval/35,"    return max(l)
","

def max_element(l: list):
    """"""Return maximum element in the list.
    >>> max_element([1, 2, 3])
    3
    >>> max_element([5, 3, -5, 2, -3, 3, 9, 0, 123, 1, -10])
    123
    """"""
"
HumanEval/36,"    count = 0
    for i in range (1, n+1):
        if str(i).count('7') > 0 and ((len(str(i)) % 4 == len(str(i))) | (len(str(i)) != 1)):
            #print(""There is at least one '7'"")
                print(f""{i} has {str(i).count('7')}"")
                count += 1
        
                
            ","

def fizz_buzz(n: int):
    """"""Return the number of times the digit 7 appears in integers less than n which are divisible by 11 or 13.
    >>> fizz_buzz(50)
    0
    >>> fizz_buzz(78)
    2
    >>> fizz_buzz(79)
    3
    """"""
"
HumanEval/37,"    
    # Initialize new empty list with same length as original lst
    result = [] * len(l)  
    
    for i in range (0,len(result),2):
        if i < len(l)-1:     
            smallestEvenIndex = getSmallestEvenElementIndex(i+1,l);
            
            # Place smaller element from even position into result before larger one from odd
            tempValue=l[smallestEvenIndex];
            l[smallestEvenIndex]=l[i +1];
            l[i + 1]=tempValue;
        
        # Copy over all elements regardless of parity from originating lst 
        #   to resulting even-sorted list which will be returned by this method
        #   and must also include last value of input because it may not have been swapped yet
        result.append(l[i]);
                      
    return result
              
#----------------------------------------------         
# Helper Methods
#-----------------------------------------------             
          
def getSmallestEvenElementIndex (startFromIdx,lstToSearch):
    """"""Return index of minimum element among those starting from idx and up to final element""""""
    minIndex=-1;
    
    try :
        currentMinVal=float(""inf"");
        for i in range (startFromIdx,len(lstToSearch)):
            valAtCurrentIdx = float(lstToSearch[i])
            if valAtCurrentIdx <=currentMinVal:
                currentMinVal=valAtCurrentIdx ;
                minIndex=i;
    
    except ValueError :
        print (""getSmallestEvenElementIndex() could not convert string to floating point"")
            
    finally :
        pass
    
    return minIndex","

def sort_even(l: list):
    """"""This function takes a list l and returns a list l' such that
    l' is identical to l in the odd indicies, while its values at the even indicies are equal
    to the values of the even indicies of l, but sorted.
    >>> sort_even([1, 2, 3])
    [1, 2, 3]
    >>> sort_even([5, 6, 3, 4])
    [3, 6, 5, 4]
    """"""
"
HumanEval/38,"    
    def swap(index, l):
        """"""
        Swaps the element at index 'i' and its neighboring one in list 'l'. If the latter is not provided then it swaps neighbours instead.
        """"""
        
        temp = l[index - 1]
        l[index - 1] = l[index]
        l[index ] = temp
            
        return l
     
    
    # we need some way to mark that a character was already reversed once (to prevent going into an infinite loop). Let's use set().
    marks = {c}  
      
    slist = list(s)                              
    # starting from last position. We can avoid using enumerate() here because we only need two indexes anyway.
    while True:
            try:
                index = slist.index(""a"")          
            except ValueError:          # no more swapping candidates left!
                break                    # all letters were correctly arranged. Terminate!
            elif index % 4 != 0 or \
                 slist[-1].isupper():     # don't do anything when reaching a group where first letter is uppercase.
                continue                              # move on. Don't change anythin yet!!
            elif index > 0 and slist[index-1] in marks: 
                continue                               # previously marked characters won't be touched ever again.
                                                      
            else:
                swap(index, slist)
                marks |= {slist[index]}             # add newyly swapped char to set so next time we will know about it.
","

def encode_cyclic(s: str):
    """"""
    returns encoded string by cycling groups of three characters.
    """"""
    # split string to groups. Each of length 3.
    groups = [s[(3 * i):min((3 * i + 3), len(s))] for i in range((len(s) + 2) // 3)]
    # cycle elements in each group. Unless group has fewer elements than 3.
    groups = [(group[1:] + group[0]) if len(group) == 3 else group for group in groups]
    return """".join(groups)


def decode_cyclic(s: str):
    """"""
    takes as input string encoded with encode_cyclic function. Returns decoded string.
    """"""
"
HumanEval/39,"    p = (lambda x, y=0: [y] + ([x+y]*int((x**0.5)/(min([prime for prime in primes if x%prime == 0])))))(2)
    return next(itertools.islice(filter(lambda num: all(map(lambda i: num % i != 0 or i <= 2, primes)), itertools.chain(*[p[:i*len(primes)] for i in range(1, len(primes))])), n - 1, None))
","

def prime_fib(n: int):
    """"""
    prime_fib returns n-th number that is a Fibonacci number and it's also prime.
    >>> prime_fib(1)
    2
    >>> prime_fib(2)
    3
    >>> prime_fib(3)
    5
    >>> prime_fib(4)
    13
    >>> prime_fib(5)
    89
    """"""
"
HumanEval/40,"    l = set(l) # get rid of duplicates for O(nlogn) lookup time (we don't care about order)
    
    n = len(l)
    seen = {}         # val : indices (set) where number occurs
                      # e.g.: {1: {0}, 3: {1}} means ""three is at index 1""
            
    outcomes = [False] * (len(seen)+1)            # outcomes[i] == whether or not we can make i using the numbers so far
        # outcomes[-1]: True iff it's possible with this many numbers, even if no triple adds up to zero
    outcomes[0] = True
    
    for x in range(-10**8-1, 10**8+1):           # try all values
      
        new_outcome = outcomes[x]+bool(x==0)      # add outcome for current value; also consider the case when x=0 separately
        for y in l & seen[abs(x)]:                # check every place in which |x| appears
          s = abs(y)-abs(x)                      # sum of two other numbers
              
          if (-1 <= s < len(outcomes)) and (not bool((s<=-10**6)*(s>10**6))) and outcomes[s]:   # ignore very large sums (cannot be represented by int type)
              new_outcome += True

          outcomes[abs(x)] = new_outcome      # save result for future iterations

    return outcomes[-1]
","

def triples_sum_to_zero(l: list):
    """"""
    triples_sum_to_zero takes a list of integers as an input.
    it returns True if there are three distinct elements in the list that
    sum to zero, and False otherwise.

    >>> triples_sum_to_zero([1, 3, 5, 0])
    False
    >>> triples_sum_to_zero([1, 3, -2, 1])
    True
    >>> triples_sum_to_zero([1, 2, 3, 7])
    False
    >>> triples_sum_to_zero([2, 4, -5, 3, 9, 7])
    True
    >>> triples_sum_to_zero([1])
    False
    """"""
"
HumanEval/41,"     # We first assume there is no collision between any pair of cars, then we try to
    # find evidence for one or more collisions.
    counter = {i:(False, False) for i in range(1,2*n)}
    current_index = 0
    while True:
        # If both sides of an index have been marked as being occupied by some car (True),
        # increment it until either side has changed value back to ""unoccupied""
        while all([counter[current_index]]):
            current_index += 1
        
        # Now check whether this is on the left-moving cars' turn or the right-moving ones'.
        # Note: since every car must change direction after colliding with another car, once
        # a single collision occurs, all future collisions will occur between cars travelling
        # opposite directions.
        if counter[current_index][0]:
             # Since left-moving cars get faster, increase position before next car travels
            return_to_start = -1 * current_index + n
            counter[return_to_start] = (False, True)
          
            # To prevent checking against previous car again, mark its spot as occupied
            counter[current_index] = (True, True)
                      
            # Check next spot
            current_index -= 1     
            
        else:
            # Right-move cars decrease distance per lap so subtract to see where next car will be
            return_to_start = -(current_index - n)             
            counter[return_to_start] = (True, False)
              
            # Mark spot as occupied
            counter[current_index] = (True, True)
               
            # Check next spot
            current_index += 1","

def car_race_collision(n: int):
    """"""
    Imagine a road that's a perfectly straight infinitely long line.
    n cars are driving left to right;  simultaneously, a different set of n cars
    are driving right to left.   The two sets of cars start out being very far from
    each other.  All cars move in the same speed.  Two cars are said to collide
    when a car that's moving left to right hits a car that's moving right to left.
    However, the cars are infinitely sturdy and strong; as a result, they continue moving
    in their trajectory as if they did not collide.

    This function outputs the number of such collisions.
    """"""
"
HumanEval/42,"    return [x + 1 for x in l]


if __name__ == ""__main__"":
    import doctest
    doctest.testmod()
","

def incr_list(l: list):
    """"""Return list with elements incremented by 1.
    >>> incr_list([1, 2, 3])
    [2, 3, 4]
    >>> incr_list([5, 3, 5, 2, 3, 3, 9, 0, 123])
    [6, 4, 6, 3, 4, 4, 10, 1, 124]
    """"""
"
HumanEval/43,"    my_set = set()
    for i in l:
        if i in my_set:
            return True
        my_set.add(-i)
    return False


def main():
    print(pairs_sum_to_zero([1, 2, 3, 7]))
    print(pairs_sum_to_zero([1, 2, 3, 4, 5, 6, 7]))


if __name__ == ""__main__"":
    main()

","

def pairs_sum_to_zero(l):
    """"""
    pairs_sum_to_zero takes a list of integers as an input.
    it returns True if there are two distinct elements in the list that
    sum to zero, and False otherwise.
    >>> pairs_sum_to_zero([1, 3, 5, 0])
    False
    >>> pairs_sum_to_zero([1, 3, -2, 1])
    False
    >>> pairs_sum_to_zero([1, 2, 3, 7])
    False
    >>> pairs_sum_to_zero([2, 4, -5, 3, 5, 7])
    True
    >>> pairs_sum_to_zero([1])
    False
    """"""
"
HumanEval/44,"    
    # Convert input num into a list with digits in reverse order (for easy access)
    rev_num = []
    while True:
        if len(rev_num) == 0 and x < 0 : raise ValueError(""must be positive"")
        
        digit = x % base
        x //= base
        rev_num += [digit]
        if x <= 0: break   # stop when we run out of digits
    res = """"
    for dig in reversed(rev_num):
        try: res += str(chr(ord('0') + dig))
        except TypeError as e: print(e.__class__, "":"", e); raise NotImplemented()
    return res","

def change_base(x: int, base: int):
    """"""Change numerical base of input number x to base.
    return string representation after the conversion.
    base numbers are less than 10.
    >>> change_base(8, 3)
    '22'
    >>> change_base(8, 2)
    '1000'
    >>> change_base(7, 2)
    '111'
    """"""
"
HumanEval/45,"
    return (a * h)/2","

def triangle_area(a, h):
    """"""Given length of a side and high return area for a triangle.
    >>> triangle_area(5, 3)
    7.5
    """"""
"
HumanEval/46,"
    if (type(n)) == bool or type(n) != int and n >= 0 : # n must be an integer >= 0, so we can just check for whether it's greater than zero
        raise TypeError(""Invalid input."")
        
    numbers = [None] * max((int)(math.log(n)), 0) # stores all previously calculated values in logarithmic space, but still uses O(1) time per operation by storing them in memory
    return _fib4_helper(n ,numbers)                   # this will call our helper method which will do most of the work
    
# Helper methods are those that assist with solving problems. They don't have any impact on performance whatsoever. 

def _fib4_helper(n: int, cache):            # here n is the current index being operated upon, while ""cache"" is used to store results from previous calls to this function - thus allowing us to perform memoization and reduce execution time
    if n <= 0:      # base case
        print('base')             # if at any point n goes below one then there won't be enough elements left in the list to complete the rest of the calculation; therefore, break out of the loop
        return None               
      
    if len(cache) > n:               # if you already know that a certain value exists in your cache table...
        return cache[n]              # ...then access that item directly without recalculating its value!
    
    else:                           # otherwise go ahead and calculate it using the recursive equation
        result = (_fib4_helper(n - 1, cache)          # first get the value at position n-1
        + _fib4_helper(n - 2, cache)          # next get the value at position n-2
        + _fib4_helper(n - 3, cache)          # now add up the three individual terms together
        ) % 2**32                            # finally, modulo the sum by whatever number works best for you
        cache[n]=result                    # once again, put this new term into the array before returning it
        return result                       # return the newly computed result
","

def fib4(n: int):
    """"""The Fib4 number sequence is a sequence similar to the Fibbonacci sequnece that's defined as follows:
    fib4(0) -> 0
    fib4(1) -> 0
    fib4(2) -> 2
    fib4(3) -> 0
    fib4(n) -> fib4(n-1) + fib4(n-2) + fib4(n-3) + fib4(n-4).
    Please write a function to efficiently compute the n-th element of the fib4 number sequence.  Do not use recursion.
    >>> fib4(5)
    4
    >>> fib4(6)
    8
    >>> fib4(7)
    14
    """"""
"
HumanEval/47,"    l = sorted(l)
    half = len(l) // 2
    if len(l) % 2 == 0:
        return (l[half - 1] + l[half]) / 2
    else:
        return l[half]


def main():
    import doctest
    doctest.testmod()
    nums = [int(n) for n in input(""Enter a list of numbers: "").split()]
    print(median(nums))


if __name__ == ""__main__"":
    main()
","

def median(l: list):
    """"""Return median of elements in the list l.
    >>> median([3, 1, 2, 4, 5])
    3
    >>> median([-10, 4, 6, 1000, 10, 20])
    15.0
    """"""
"
HumanEval/48,"    if len(text) < 2:
        return True
    if text[0] != text[-1]:
        return False
    return is_palindrome(text[1:-1])


if __name__ == '__main__':
    import doctest
    doctest.testmod()
","

def is_palindrome(text: str):
    """"""
    Checks if given string is a palindrome
    >>> is_palindrome('')
    True
    >>> is_palindrome('aba')
    True
    >>> is_palindrome('aaaaa')
    True
    >>> is_palindrome('zbcd')
    False
    """"""
"
HumanEval/49,"    if p <= 1:
        raise ValueError(""p needs to be greater than 1"")
    if n < 0:
        raise ValueError(""n needs to be greater or equal than 0"")
    if n == 0:
        return 1
    return pow(2, n, p)


def mod(a: int, b: int) -> int:
    """"""Return the modulo of a and b.
    >>> mod(10, 5)
    0
    >>> mod(15, 5)
    0
    >>> mod(12, 5)
    2
    """"""
    if b <= 1:
        raise ValueError(""b needs to be greater than 1"")
    if a < 0:
        raise ValueError(""a needs to be greater or equal than 0"")
    if a == 0:
        return 0
    return a % b


def mod_inverse(a: int, m: int) -> int:
    """"""Return a^-1 mod m.
    >>> mod_inverse(3, 11)
    4
    >>> mod_inverse(5, 11)
    9
    >>> mod_inverse(7, 11)
    8
    """"""
    if m <= 1:
        raise ValueError(""m needs to be greater than 1"")
    if a < 0 or a >= m:
        raise ValueError(f""a needs to be between 0 and m-1, but is {a}"")
    return pow(a, m - 2, m)


def gcd(a: int, b: int) -> int:
    """"""Return GCD(a, b)
    >>> gcd(10, 5)
    5
    >>> gcd(1101, 101)
    11
    >>> gcd(15, 5)
    5
    >>> gcd(12, 5)
    1
    """"""
    if b == 0:
        return a
    else:
        return gcd(b, a % b)


def xgcd(a: int, b: int) -> int:
    """"""Return GCD(a, b) and a tuple (g, x, y) with ax + by = g.
    >>> xgcd(10, 5)
    (5, 2, -1)
    >>> xgcd(1101, 101)
    (11, -9, 10)
    >>> xgcd(15, 5)
    (5, 3, -2)
    >>> xgcd(12, 5)
    (2, 1, 0)
    """"""
    x0, x1, y0, y1 = 0, 1, 1, 0
    while a != 0:
        q, b, a = b // a, a, b % a
        x0, x1 = x1, x0 - q * x1
        y0, y1 = y1, y0 - q * y1
    return b, x0, y0
","

def modp(n: int, p: int):
    """"""Return 2^n modulo p (be aware of numerics).
    >>> modp(3, 5)
    3
    >>> modp(1101, 101)
    2
    >>> modp(0, 101)
    1
    >>> modp(3, 11)
    8
    >>> modp(100, 101)
    1
    """"""
"
HumanEval/50,"    return """".join([chr(((ord(ch) - 5 - ord(""a"")) % 26) + ord(""a"")) for ch in s])


print(decode_shift(encode_shift(""abcdefgh"")))


def encode_vigenere(s: str, k: str):
    """"""
    takes as input string and key. Returns encoded string.
    """"""
    return """".join([chr(((ord(ch) + ord(k[i % len(k)])) % 26) + ord(""a"")) for i, ch in enumerate(s)])


def decode_vigenere(s: str, k: str):
    """"""
    takes as input string and key. Returns decoded string.
    """"""
    return """".join([chr(((ord(ch) - ord(k[i % len(k)]) + 26) % 26) + ord(""a"")) for i, ch in enumerate(s)])


print(decode_vigenere(encode_vigenere(""abcdefgh"", ""abc""), ""abc""))


def encode_rot13(s: str):
    """"""
    returns encoded string by rotating characters by 13 in the alphabet.
    """"""
    return """".join([chr(((ord(ch) - 13 + 26) % 26) + ord(""a"")) for ch in s])


def decode_rot13(s: str):
    """"""
    takes as input string encoded with encode_rot13 function. Returns decoded string.
    """"""
    return """".join([chr(((ord(ch) + 13 - 26) % 26) + ord(""a"")) for ch in s])


print(decode_rot13(encode_rot13(""abcdefgh"")))


def encode_caesar(s: str, k: int):
    """"""
    takes as input string and key. Returns encoded string.
    """"""
    return """".join([chr(((ord(ch) + k - ord(""a"")) % 26) + ord(""a"")) for ch in s])


def decode_caesar(s: str, k: int):
    """"""
    takes as input string and key. Returns decoded string.
    """"""
    return """".join([chr(((ord(ch) - k - ord(""a"")) % 26) + ord(""a"")) for ch in s])


print(decode_caesar(encode_caesar(""abcdefgh"", 13), 13))


def encode_binary(s: str):
    """"""
    takes as input string. Returns encoded string in binary format.
    """"""
    return "" "".join([format(ord(ch), 'b') for ch in s])


def decode_binary(s: str):
    """"""
    takes as input string. Returns decoded string in binary format.
    """"""
    return """".join([chr(int(ch, 2)) for ch in s.split("" "")])


print(decode_binary(encode_binary(""abcdefgh"")))


def encode_hexadecimal(s: str):
    """"""
    takes as input string. Returns encoded string in hexadecimal format.
    """"""
    return "" "".join([format(ord(ch), 'x') for ch in s])


def decode_hexadecimal(s: str):
    """"""
    takes as input string. Returns decoded string in hexadecimal format.
    """"""
    return """".join([chr(int(ch, 16)) for ch in s.split("" "")])


print(decode_hexadecimal(encode_hexadecimal(""abcdefgh"")))
","

def encode_shift(s: str):
    """"""
    returns encoded string by shifting every character by 5 in the alphabet.
    """"""
    return """".join([chr(((ord(ch) + 5 - ord(""a"")) % 26) + ord(""a"")) for ch in s])


def decode_shift(s: str):
    """"""
    takes as input string encoded with encode_shift function. Returns decoded string.
    """"""
"
HumanEval/51,"    vowels = 'AEIOUaeiou'
    text = str(text)
    new_text = ''
    for i in text:
        if i not in vowels:
            new_text += i
    return new_text


if __name__ == ""__main__"":
    from doctest import testmod
    testmod(name='remove_vowels', verbose=True)
","

def remove_vowels(text):
    """"""
    remove_vowels is a function that takes string and returns string without vowels.
    >>> remove_vowels('')
    ''
    >>> remove_vowels(""abcdef\nghijklm"")
    'bcdf\nghjklm'
    >>> remove_vowels('abcdef')
    'bcdf'
    >>> remove_vowels('aaaaa')
    ''
    >>> remove_vowels('aaBAA')
    'B'
    >>> remove_vowels('zbcd')
    'zbcd'
    """"""
"
HumanEval/52,"    return all(i < t for i in l)


if __name__ == ""__main__"":
    import doctest
    doctest.testmod()
","

def below_threshold(l: list, t: int):
    """"""Return True if all numbers in the list l are below threshold t.
    >>> below_threshold([1, 2, 4, 10], 100)
    True
    >>> below_threshold([1, 20, 4, 10], 5)
    False
    """"""
"
HumanEval/53,    return (x + y),"

def add(x: int, y: int):
    """"""Add two numbers x and y
    >>> add(2, 3)
    5
    >>> add(5, 7)
    12
    """"""
"
HumanEval/54,"    return sorted(set(s0)) == sorted(set(s1))
","

def same_chars(s0: str, s1: str):
    """"""
    Check if two words have the same characters.
    >>> same_chars('eabcdzzzz', 'dddzzzzzzzddeddabc')
    True
    >>> same_chars('abcd', 'dddddddabc')
    True
    >>> same_chars('dddddddabc', 'abcd')
    True
    >>> same_chars('eabcd', 'dddddddabc')
    False
    >>> same_chars('abcd', 'dddddddabce')
    False
    >>> same_chars('eabcdzzzz', 'dddzzzzzzzddddabc')
    False
    """"""
"
HumanEval/55,"    if n < 2:
        return n
    else:
        return fib(n - 1) + fib(n - 2)


if __name__ == ""__main__"":
    import doctest

    doctest.testmod()
","

def fib(n: int):
    """"""Return n-th Fibonacci number.
    >>> fib(10)
    55
    >>> fib(1)
    1
    >>> fib(8)
    21
    """"""
"
HumanEval/56,"
    # Your code here
    open_brackets = 0
    for i in range(len(brackets)):
        if brackets[i] == '<':
            open_brackets += 1
        elif brackets[i] == '>':
            open_brackets -= 1
        if open_brackets < 0:
            return False
    return open_brackets == 0


print(correct_bracketing('<<><>><<><>>'))
","

def correct_bracketing(brackets: str):
    """""" brackets is a string of ""<"" and "">"".
    return True if every opening bracket has a corresponding closing bracket.

    >>> correct_bracketing(""<"")
    False
    >>> correct_bracketing(""<>"")
    True
    >>> correct_bracketing(""<<><>>"")
    True
    >>> correct_bracketing(""><<>"")
    False
    """"""
"
HumanEval/57,"    
    if l == []: return None #if the list has no element we return none
        
    elif len(l)==1:#If the length of the array is equal to one then it is monotone
        return True  
            
    
    incr = l[1] > l[0];#checking whether its increasign/decreaing by comparing first two values in the list and storing boolean value as true false based on that
          
     
    for i in range (len(l)-1):                                #(compares every value with previous using a loop)
       if not ((incr and l[i+1] >= l[i]) or (not incr and l[i+1] <= l[i])) :return False
         
    else:
            return True","

def monotonic(l: list):
    """"""Return True is list elements are monotonically increasing or decreasing.
    >>> monotonic([1, 2, 4, 20])
    True
    >>> monotonic([1, 20, 4, 10])
    False
    >>> monotonic([4, 1, 0, -10])
    True
    """"""
"
HumanEval/58,"    l1 = set(l1)
    l2 = set(l2)
    return sorted(l1 & l2)
","

def common(l1: list, l2: list):
    """"""Return sorted unique common elements for two lists.
    >>> common([1, 4, 3, 34, 653, 2, 5], [5, 7, 1, 5, 9, 653, 121])
    [1, 5, 653]
    >>> common([5, 3, 2, 8], [3, 2])
    [2, 3]

    """"""
"
HumanEval/59,"    candidate = n // 2 if n % 2 == 0 else (n - 1) // 2 # Try to use divide by two strategy first, unless n is odd
                                                       # If it's even we don't need to check for being divisible by 2 again.
    while True:
        quotient = n // candidate
        remainder = n % candidate
        
        if remainder != 0:
            return candidate
            
        elif quotient <= candidate:
            break  
          
        candidate -= 1     ","

def largest_prime_factor(n: int):
    """"""Return the largest prime factor of n. Assume n > 1 and is not a prime.
    >>> largest_prime_factor(13195)
    29
    >>> largest_prime_factor(2048)
    2
    """"""
"
HumanEval/60,"    if n == 1:
        return 1
    else:
        return sum_to_n(n - 1) + n


if __name__ == ""__main__"":
    print(sum_to_n(30))
","

def sum_to_n(n: int):
    """"""sum_to_n is a function that sums numbers from 1 to n.
    >>> sum_to_n(30)
    465
    >>> sum_to_n(100)
    5050
    >>> sum_to_n(5)
    15
    >>> sum_to_n(10)
    55
    >>> sum_to_n(1)
    1
    """"""
"
HumanEval/61,"    
    opening = ['(', '[', '{'] # All opening symbols in the right order to check against each other, so you can tell whether they are balanced or not!
    closing = [')',']','}']   # This is used to make it easy for us later on when we are checking! We use the above list to compare all openings with closings too!
    stack1 = []                            # Initialising our stacks as empty lists
    stack2 = []
    i=0                                     # These will be used at a later point to keep track of which symbol was last added (in case both openigng and closing symbols were found together!)
    j=0

        
        #### Opening Braces/Parentheses/Brackets
            
    while len(brackets)>i :              ## While loop that runs until there're no more characters left inside brackets
       if brackets[i]==""[""or brackets[i]==""{"":      ### If statement that checks if any pair of opening brackets are present-
           stack1.append('{')                        ## Then append this character into first stack
           i+=1                                      ### Increment i by one; skip next character since we already put it onto stack
         
                ##### Closing Braces/Parentheses/Brackets
           
       elif brackets[i]=""]"" or brackets[i]=""}"" or brackets[i]="")"" :## If statement to find out if any pairs of closing brackets are present
           try:                                      ## Try because if stack1 is empty then IndexError occurs
               if stack1[-1]==closing[opening.index(stack1[-1])]:# Checks if last element in stack matches that of corresponding closing symbol
                  stack1.pop(-1);j+=1                           ## Pop that element off and increment counter
               else:return print (""False"");break               ## Else break and say false!!!
           except:print (""False"");break;exit();            ### Except when the above error occurs then exit from function
       i+=1                                        ## Increment counter after all the previous operations have been completed        
    
    if j!=len(brackets)-1:# Just another way of saying if len(bracks)=len(stack) is NOT true, then return False!!!! 
        return print (""False"");exit();                   # Exit here means end execution altogether
    return print (""True"");exit()                         # Otherwise return True!
correct_bracketing(""()][}[]"")","

def correct_bracketing(brackets: str):
    """""" brackets is a string of ""("" and "")"".
    return True if every opening bracket has a corresponding closing bracket.

    >>> correct_bracketing(""("")
    False
    >>> correct_bracketing(""()"")
    True
    >>> correct_bracketing(""(()())"")
    True
    >>> correct_bracketing("")(()"")
    False
    """"""
"
HumanEval/62,"
    # Your code here
    new_list = []
    if len(xs) <= 1:
        return new_list
    else:
        for i in range(len(xs)-1):
            new_list.append(xs[i+1]*(i+1))
        return new_list


if __name__ == '__main__':
    import doctest
    doctest.testmod()
","

def derivative(xs: list):
    """""" xs represent coefficients of a polynomial.
    xs[0] + xs[1] * x + xs[2] * x^2 + ....
     Return derivative of this polynomial in the same form.
    >>> derivative([3, 1, 2, 4, 5])
    [1, 4, 12, 20]
    >>> derivative([1, 2, 3])
    [2, 6]
    """"""
"
HumanEval/63,"    if not (isinstance(n,int)): raise TypeError('TypeError')
        ","

def fibfib(n: int):
    """"""The FibFib number sequence is a sequence similar to the Fibbonacci sequnece that's defined as follows:
    fibfib(0) == 0
    fibfib(1) == 0
    fibfib(2) == 1
    fibfib(n) == fibfib(n-1) + fibfib(n-2) + fibfib(n-3).
    Please write a function to efficiently compute the n-th element of the fibfib number sequence.
    >>> fibfib(1)
    0
    >>> fibfib(5)
    4
    >>> fibfib(8)
    24
    """"""
"
HumanEval/64,"    pass
","
FIX = """"""
Add more test cases.
""""""

def vowels_count(s):
    """"""Write a function vowels_count which takes a string representing
    a word as input and returns the number of vowels in the string.
    Vowels in this case are 'a', 'e', 'i', 'o', 'u'. Here, 'y' is also a
    vowel, but only when it is at the end of the given word.

    Example:
    >>> vowels_count(""abcde"")
    2
    >>> vowels_count(""ACEDY"")
    3
    """"""
"
HumanEval/65,"    
    # Shift by the lesser value of (number of digits - shift or zero).
    num = len(str(abs(x))) - abs(shift % len(str(abs(x)))) if not int(len(str(abs(x))) / len(str((abs(int(shift)) * (-1),)))) else 0
     
    str_num = list(str(abs(x)))[::-1]
    for i in range(len(str_num)):
        try:
            str_num[-i] = str_num[:-(i + 1)]
            break
        
        except IndexError: pass
            
    str_out = ''.join([str_num[(j - i)%num][::-1] if j < i else str_num[j] \
                       for j in range(-i, len(str_num))])
          
    out = int('' if num == 0 else int(str_out)) if all([True if (b >= c or b <= d) else False\
          for a, b, c, d in zip(['' if k != '-' else '' for k in [str(a)[l].strip() for l in range(0, len(list(str(abs(x))))),\
                              ['']*(len(str(abs(x))) - max(max(len(str(abs(abs(shift)) * (-1,)),\
                len(str((abs(int(shift))*(-1,)) * [-1],))))))]][h]\
          for h in range(len(list(str(abs(x)))))\
          ], str_in, str_num, str_out)]) else round(float(''.join(\
          [str_num[(j - i)%num][::-1] if j < i else str_num[j] \
          for j in range(-i, len(str_num))]))/10**len(str_in),5)
    
    sign = ('+' if x > 0 else '') if shift > 0 else '+' if x < 0 else ''
              
    return f'{sign}{round(abs(out)*(-1 if x < 0 else 1),5)}'","
def circular_shift(x, shift):
    """"""Circular shift the digits of the integer x, shift the digits right by shift
    and return the result as a string.
    If shift > number of digits, return digits reversed.
    >>> circular_shift(12, 1)
    ""21""
    >>> circular_shift(12, 2)
    ""12""
    """"""
"
HumanEval/66,"    # Your code here
","
def digitSum(s):
    """"""Task
    Write a function that takes a string as input and returns the sum of the upper characters only'
    ASCII codes.

    Examples:
        digitSum("""") => 0
        digitSum(""abAB"") => 131
        digitSum(""abcCd"") => 67
        digitSum(""helloE"") => 69
        digitSum(""woArBld"") => 131
        digitSum(""aAaaaXa"") => 153
    """"""
"
HumanEval/67,"    
    #take out whitespaces from the inputed stirng (if any exist) and split it into a list with ""and"" as separator
    s=s.replace(' ','')#delete all spaces to simplify the code
    mylist=s.split('and',-1)#remove everything after the first word ""apples"".
                             #[-1] is used because if there was more than one ""and"" only take what's before them
    x=mylist[0].find('apples');y=int(mylist[0][x+5:-1])
    z=mylist[-1].find('oranges');k=int(mylist[-1][z+7:-1])
        
    print((n-(x*1)+(-1*(y)))-(-1*(k)))","
def fruit_distribution(s,n):
    """"""
    In this task, you will be given a string that represents a number of apples and oranges 
    that are distributed in a basket of fruit this basket contains 
    apples, oranges, and mango fruits. Given the string that represents the total number of 
    the oranges and apples and an integer that represent the total number of the fruits 
    in the basket return the number of the mango fruits in the basket.
    for examble:
    fruit_distribution(""5 apples and 6 oranges"", 19) ->19 - 5 - 6 = 8
    fruit_distribution(""0 apples and 1 oranges"",3) -> 3 - 0 - 1 = 2
    fruit_distribution(""2 apples and 3 oranges"", 100) -> 100 - 2 - 3 = 95
    fruit_distribution(""100 apples and 1 oranges"",120) -> 120 - 100 - 1 = 19
    """"""
"
HumanEval/68,"    # if not arr:
    #     return None

    # vals = {k for k in arr}
    # max_val = max([v % 2 == 0 for v in vals])
    # if max_val != True:
    #     return None
        
    # evens = sorted([n for n in vals if n % 2 == 0], reverse=True)
    
    # minEvenIdx = len(evens)-1 - evens[::-1][::1].index(maxVal);

    # print('minEvenIdx', minEvenIdx)
    # outIdx = int((minEvenIdx + 1) / 2 ) 
    # return (outIdx , arr[outIdx]);
","
def pluck(arr):
    """"""
    ""Given an array representing a branch of a tree that has non-negative integer nodes
    your task is to pluck one of the nodes and return it.
    The plucked node should be the node with the smallest even value.
    If multiple nodes with the same smallest even value are found return the node that has smallest index.

    The plucked node should be returned in a list, [ smalest_value, its index ],
    If there are no even values or the given array is empty, return [].

    Example 1:
        Input: [4,2,3]
        Output: [2, 1]
        Explanation: 2 has the smallest even value, and 2 has the smallest index.

    Example 2:
        Input: [1,2,3]
        Output: [2, 1]
        Explanation: 2 has the smallest even value, and 2 has the smallest index. 

    Example 3:
        Input: []
        Output: []
    
    Example 4:
        Input: [5, 0, 3, 0, 4, 2]
        Output: [0, 1]
        Explanation: 0 is the smallest value, but  there are two zeros,
                     so we will choose the first zero, which has the smallest index.

    Constraints:
        * 1 <= nodes.length <= 10000
        * 0 <= node.value
    """"""
"
HumanEval/69,"    # Your code goes here
    d = {} #{key=value, key=count}
    
    for i in lst :
         if (i >0) & (d[i]==None ) | (i>d[i]):
             d[i]=i
         
    print(""dictionary"",d)             
           
    max_val=-9999  
    for k ,v in d .items() :
       if v >=k :
           max_val=max(max_val,k)
                     
    if max_val!=-9999 :
       return(max_val)
    else:
        return(-1)
    pass","
def search(lst):
    '''
    You are given a non-empty list of positive integers. Return the greatest integer that is greater than 
    zero, and has a frequency greater than or equal to the value of the integer itself. 
    The frequency of an integer is the number of times it appears in the list.
    If no such a value exist, return -1.
    Examples:
        search([4, 1, 2, 2, 3, 1]) == 2
        search([1, 2, 2, 3, 3, 3, 4, 4, 4]) == 3
        search([5, 5, 4, 4, 4]) == -1
    '''
"
HumanEval/70,"     # Your code here
    if len(lst) <= 0 :
        return lst
    minVal = lst[0]
    maxVal = -999
    for i in range (len(lst)):
        val = lst[i];
        
        if (val < minVal):
            minVal = val;
            
        elif ((maxVal < val) & (minVal > val)) :
                maxVal= val;
                
    
    midIndexMinValue = indexOfMidElement(lst ,minVal);           ## find all elements equal to minvalue
    midIndexMaxValue = indexOfMidElement(lst ,maxVal);          ## find all elements equal to maxvalue     
       ############## sort all values less than mim value at left side
    lst = lst[:midIndexMinValue+1]+ sorted(lst[midIndexMinValue +1: midIndexMaxValue],reverse=True)+ lst[midIndexMaxValue:]   #### sort from index after first element which has value equal to minVlaue till last elemnt that has value equlto MaxValue, reverse it because we want greatest elemnts before smallest ones
              ###### now sort all values greater or equal to max value at rightside    
    lst +=sorted(lst[(midIndexMinValue+1):(midIndexMaxValue-1)] )    
    
    return lst;
    

def indexOfMidElement(lst ,valeToFind):
    k = 0 ;
    while (k != len(lst)-1):
        midElemeent = int((int)(len(lst)/2));
        if (valeToFind<lst[midElemeent]) :
               k+=1;
        else :break;
        
    print(""index value of midElement"" ,midElemeent );
    return midElemeent","
def strange_sort_list(lst):
    '''
    Given list of integers, return list in strange order.
    Strange sorting, is when you start with the minimum value,
    then maximum of the remaining integers, then minimum and so on.

    Examples:
    strange_sort_list([1, 2, 3, 4]) == [1, 4, 2, 3]
    strange_sort_list([5, 5, 5, 5]) == [5, 5, 5, 5]
    strange_sort_list([]) == []
    '''
"
HumanEval/71,"    
    #write your code here
    def sortList (list1):#sorting function for later on
        list1=sorted(list1);
        
        while len(list1)>len(set(list1)):
            for i in range(len(list1)-1):
                if list1[i]==list1[i+1]:
                    del list1[i];
        return list1;
            
            
    lis=[a,b,c]; #creating a list with all length values that will be sorted and checked for invalidity afterward
    result=-1; #default value as negative one since it won't meet condition
    lisSorted = sortList(lis); #calling sorting funtion with this list first
    
    try:#try/except block to catch non-numeric input cases before they are even passed into functions
        a,b,c=(float(lisSorted[0]), float(lisSorted[1]) , float(lisSorted[2]))
    except ValueError :#if user inputs letters or characters instead of numbers
        print(""Please only use numbers"");
       ##return(-1);#to end program early 
    
    if ((a<0)|(b <0 )|(c <0)):#checks if there is an entry less than zero which would also cause errors to occur downstream
        pass ;
    else :
        sumOne=((abs(a)+ abs(b)));
        sumTwo=abs(sumOne-abs(c));
        if sumOne>sumTwo:
           result=round(.5*(a*b),2);#this formula finds area using Heron's Formula but is specific for triangles where the largest angle is at most pi radians or 90 degrees
        elif sumTwo>=sumOne:
               result=""Invalid Input"";
    
    return(result);     ","
def triangle_area(a, b, c):
    '''
    Given the lengths of the three sides of a triangle. Return the area of
    the triangle rounded to 2 decimal points if the three sides form a valid triangle. 
    Otherwise return -1
    Three sides make a valid triangle when the sum of any two sides is greater 
    than the third side.
    Example:
    triangle_area(3, 4, 5) == 6.00
    triangle_area(1, 2, 10) == -1
    '''
"
HumanEval/72,"    if q == list(reversed(q)) and sum(q) <= w:
        return True
    return False
","
def will_it_fly(q,w):
    '''
    Write a function that returns True if the object q will fly, and False otherwise.
    The object q will fly if it's balanced (it is a palindromic list) and the sum of its elements is less than or equal the maximum possible weight w.

    Example:
    will_it_fly([1, 2], 5) ➞ False 
    # 1+2 is less than the maximum possible weight, but it's unbalanced.

    will_it_fly([3, 2, 3], 1) ➞ False
    # it's balanced, but 3+2+3 is more than the maximum possible weight.

    will_it_fly([3, 2, 3], 9) ➞ True
    # 3+2+3 is less than the maximum possible weight, and it's balanced.

    will_it_fly([3], 5) ➞ True
    # 3 is less than the maximum possible weight, and it's balanced.
    '''
"
HumanEval/73,"
    # This is the simplest solution that I came up with. It can probably
    # be improved.
    # It doesn't use any builtin functions to perform the task.

    # For the input array, we can create two other arrays, one of the
    # same length that will store the values of the input array in reverse order.
    # We will use a for loop to reverse the input array.
    # Once we have the two arrays, we can compare them and count the number
    # of different elements.
    # We can return the minimum number of elements to make the array palindromic.

    # Create an array of the same length to store the values of the input array in reverse order.
    reverse_arr = [None] * len(arr)

    # Use a for loop to reverse the input array.
    for i in range(len(arr)):
        # Set the reverse array's value at the index of the input array's length minus 1,
        # to the value of the input array's length minus 1.
        reverse_arr[len(arr) - 1 - i] = arr[i]

    # Create a variable to store the number of different elements.
    different_elements = 0

    # Use a for loop to compare the two arrays.
    for i in range(len(arr)):
        # If the element at the input array's index is not equal to the
        # element at the reverse array's index, increment the number of
        # different elements by 1.
        if arr[i] != reverse_arr[i]:
            different_elements += 1

    # Return the minimum number of elements to make the array palindromic.
    return different_elements // 2
","
def smallest_change(arr):
    """"""
    Given an array arr of integers, find the minimum number of elements that
    need to be changed to make the array palindromic. A palindromic array is an array that
    is read the same backwards and forwards. In one change, you can change one element to any other element.

    For example:
    smallest_change([1,2,3,5,4,7,9,6]) == 4
    smallest_change([1, 2, 3, 4, 3, 2, 2]) == 1
    smallest_change([1, 2, 3, 2, 1]) == 0
    """"""
"
HumanEval/74,"
    total_chars1 = 0
    for i in lst1:
        total_chars1 += len(i)
    
    total_chars2 = 0
    for i in lst2:
        total_chars2 += len(i)

    if total_chars1 < total_chars2:
        return lst1
    if total_chars2 < total_chars1:
        return lst2
    if total_chars2 == total_chars1:
        return lst1

#total_match([], []) #➞ []
total_match(['hi', 'admin'], ['hI', 'Hi']) #➞ ['hI', 'Hi']
#total_match(['hi', 'admin'], ['hi', 'hi', 'admin', 'project']) #➞ ['hi', 'admin']
#total_match(['hi', 'admin'], ['hI', 'hi', 'hi']) #➞ ['hI', 'hi', 'hi']
total_match(['4'], ['1', '2', '3', '4', '5']) #➞ ['4']
","
def total_match(lst1, lst2):
    '''
    Write a function that accepts two lists of strings and returns the list that has 
    total number of chars in the all strings of the list less than the other list.

    if the two lists have the same number of chars, return the first list.

    Examples
    total_match([], []) ➞ []
    total_match(['hi', 'admin'], ['hI', 'Hi']) ➞ ['hI', 'Hi']
    total_match(['hi', 'admin'], ['hi', 'hi', 'admin', 'project']) ➞ ['hi', 'admin']
    total_match(['hi', 'admin'], ['hI', 'hi', 'hi']) ➞ ['hI', 'hi', 'hi']
    total_match(['4'], ['1', '2', '3', '4', '5']) ➞ ['4']
    '''
"
HumanEval/75,"    prime_count = 0 # count how many prime factors we found so far in our factorization
    current_factor = 2# start with smalles possible integer as first potential factor, i.e., 2. 
    while current_factor**2 <= a:# stop when square rooted value exceeds current numbe to be factored
        quotient = None
        
        while quotient != 1 or quotient != 0:# keep dividing until remainder reaches either 0 or 1
            quotient , reminder=divmod(current_factor, a )
            
            if reminder > 0 :# if remainder does not reach one move on to next possibility by incrementing counter
                break  
                
            elif reminder == 0:#if remainder equals zero add 1 to prime counts and check if all primes have been counted
                prime_count += 1 
                if prime_count >= 4:# if you have counted at least four primes return true else go for new trial division
                    return True     
                
            else: # If this code path has reached here it means there was an error along the way;
                print(""Unexpected Error!"") # Print unexpected error message
                exit()# Exit program
            
            current_factor+=1# Keep trying other integers
    
    return False# Return false after checking out all possibilities
is_multiply_prime.__doc__='''Returns true if the inputted positive interger is producto of three distinct prime numbers'''","
def is_multiply_prime(a):
    """"""Write a function that returns true if the given number is the multiplication of 3 prime numbers
    and false otherwise.
    Knowing that (a) is less then 100. 
    Example:
    is_multiply_prime(30) == True
    30 = 2 * 3 * 5
    """"""
"
HumanEval/76,"    if (n == '0'): return False #base should not be zero!
    
    temp = float((pow(float(n), int(math.log(float(x))/math.log(n)))));   ##rounding the result as float for comparison with input value 
        ##########print ""temp= "",temp;
        
    if (abs(round(temp-float(x))) < .0001 or abs(.0001 - round(temp-float(x)))< .0001 ) :
            print (""true"")
                
    else:
            
                ######print(""false"");
                ####return True;
            
if __name__==""__main___"":
is_simple_power(64,7);","
def is_simple_power(x, n):
    """"""Your task is to write a function that returns true if a number x is a simple
    power of n and false in other cases.
    x is a simple power of n if n**int=x
    For example:
    is_simple_power(1, 4) => true
    is_simple_power(2, 2) => true
    is_simple_power(8, 2) => true
    is_simple_power(3, 2) => false
    is_simple_power(3, 1) => false
    is_simple_power(5, 3) => false
    """"""
"
HumanEval/77,    return (int)(round(((float)(a ** (1 / float)))**3)) == int(a);,"
def iscube(a):
    '''
    Write a function that takes an integer a and returns True 
    if this ingeger is a cube of some integer number.
    Note: you may assume the input is always valid.
    Examples:
    iscube(1) ==> True
    iscube(2) ==> False
    iscube(-1) ==> True
    iscube(64) ==> True
    iscube(0) ==> True
    iscube(180) ==> False
    '''
"
HumanEval/78,"    dct={'A':11,'B':13,'C':'','D':'','E':'', 'F': ''}
    
    if len(hex)==0 : return 0
        
    count=len([i for i in set(num)&set('ABED')]) # using list comprehension 
            
        # can also use below method by converting dict into string and counting occurence of required characters .
            #count+=str(dct).count(""2"")+str(dct).count(""3"")+str(dct).count(""5"")+\
                       ## str(dct).count(""7"")+str(dct).count(""b"")+str(dct).count(""d"")
            
        #count += num.upper().count('a') + \
               #   num.upper().count('b') + num.upper().count('c') +\
                #  num.upper().count('e') + num.upper().count('f')
    
    return count","
def hex_key(num):
    """"""You have been tasked to write a function that receives 
    a hexadecimal number as a string and counts the number of hexadecimal 
    digits that are primes (prime number, or a prime, is a natural number 
    greater than 1 that is not a product of two smaller natural numbers).
    Hexadecimal digits are 0, 1, 2, 3, 4, 5, 6, 7, 8, 9, A, B, C, D, E, F.
    Prime numbers are 2, 3, 5, 7, 11, 13, 17,...
    So you have to determine a number of the following digits: 2, 3, 5, 7, 
    B (=decimal 11), D (=decimal 13).
    Note: you may assume the input is always correct or empty string, 
    and symbols A,B,C,D,E,F are always uppercase.
    Examples:
    For num = ""AB"" the output should be 1.
    For num = ""1077E"" the output should be 2.
    For num = ""ABED1A33"" the output should be 4.
    For num = ""123456789ABCDEF0"" the output should be 6.
    For num = ""2020"" the output should be 2.
    """"""
"
HumanEval/79,"    return f'db{bin(decimal)[2:]}db'


def main():
    print(decimal_to_binary(15))
    print(decimal_to_binary(32))


if __name__ == '__main__':
    main()
","
def decimal_to_binary(decimal):
    """"""You will be given a number in decimal form and your task is to convert it to
    binary format. The function should return a string, with each character representing a binary
    number. Each character in the string will be '0' or '1'.

    There will be an extra couple of characters 'db' at the beginning and at the end of the string.
    The extra characters are there to help with the format.

    Examples:
    decimal_to_binary(15)   # returns ""db1111db""
    decimal_to_binary(32)   # returns ""db100000db""
    """"""
"
HumanEval/80,"
#     def getHash(self,string1,string2):
        #getHash Function will return hash value of any string by adding ascii values of all characters in it.
            #sum=0; i = 0
             #while (i<len(str)):
              #      sum += ord(str[i])                  
               # i+=1
                #return sum
        
       ## sum= self.getHash(s[:-4] + str[-1], str[1:-3]+str[0])
        ##if len(str)>5 :
         ###     sum+=(ord(str[4]))+(ord(str[3]))
          #### else:
           #####     return ""False""


######    def isHappy():
########   for n in range(n):
##########      if((ord(s[0])==s[1] )or(ord(s[0])==s[2])):
###########          print(""false"")
################print (""True "")
###
###isHappy()","
def is_happy(s):
    """"""You are given a string s.
    Your task is to check if the string is happy or not.
    A string is happy if its length is at least 3 and every 3 consecutive letters are distinct
    For example:
    is_happy(a) => False
    is_happy(aa) => False
    is_happy(abcd) => True
    is_happy(aabb) => False
    is_happy(adb) => True
    is_happy(xyy) => False
    """"""
"
HumanEval/81,"   # Your code goes here

print (numerical_letter_grade([4.0]))","
def numerical_letter_grade(grades):
    """"""It is the last week of the semester and the teacher has to give the grades
    to students. The teacher has been making her own algorithm for grading.
    The only problem is, she has lost the code she used for grading.
    She has given you a list of GPAs for some students and you have to write 
    a function that can output a list of letter grades using the following table:
             GPA       |    Letter grade
              4.0                A+
            > 3.7                A 
            > 3.3                A- 
            > 3.0                B+
            > 2.7                B 
            > 2.3                B-
            > 2.0                C+
            > 1.7                C
            > 1.3                C-
            > 1.0                D+ 
            > 0.7                D 
            > 0.0                D-
              0.0                E
    

    Example:
    grade_equation([4.0, 3, 1.7, 2, 3.5]) ==> ['A+', 'B', 'C-', 'C', 'A-']
    """"""
"
HumanEval/82,"    #your code here
    ","
def prime_length(string):
    """"""Write a function that takes a string and returns True if the string
    length is a prime number or False otherwise
    Examples
    prime_length('Hello') == True
    prime_length('abcdcba') == True
    prime_length('kittens') == True
    prime_length('orange') == False
    """"""
"
HumanEval/83,"    if not isinstance(n, int) and (n < 0): raise ValueError('N must be nonnegative')
    
    result = []
        # number of possibilities in first position: N - zeroes - ones
    for i in range(2, len(str(pow(9 , n)) + 1)):
            temp = str((int)(math.pow(i, pow(1/len(str(i)), 3))))[ :4]
                # print(""temp"", temp[-4:-3])
                
        
            ","
def starts_one_ends(n):
    """"""
    Given a positive integer n, return the count of the numbers of n-digit
    positive integers that start or end with 1.
    """"""
"
HumanEval/84,"
# ======================================= SOLUTION ACCORDING TO THE LECTURE =============================
""""""
def solve_v1(n): # 38 ms (not fastest) but clear and easy to understand
	# split n into list with individual digits ['1', '5' , '0']
	digits = [int2str[d] for d in int2base(n)]
	summed = 0
	for i in range(len(digits)):
		summed += base2int(digits[i]) * pow(2, len(digits)-i-1)
	return str(bin(summed)[2:].rstrip('b'))
""""""  
###############################################
def convertToBinary(num):
	if num > 1:
		convertToBinary(num // 2) + str(num % 2)
	else :
		return ''
print(convertToBinary(9))","
def solve(N):
    """"""Given a positive integer N, return the total sum of its digits in binary.
    
    Example
        For N = 1000, the sum of digits will be 1 the output should be ""1"".
        For N = 150, the sum of digits will be 6 the output should be ""110"".
        For N = 147, the sum of digits will be 12 the output should be ""1100"".
    
    Variables:
        @N integer
             Constraints: 0 ≤ N ≤ 10000.
    Output:
         a string of binary number
    """"""
"
HumanEval/85,"    return sum(x for i, x in enumerate(lst) if not (i % 2 == 0 and x & 1))
    ","
def add(lst):
    """"""Given a non-empty list of integers lst. add the even elements that are at odd indices..


    Examples:
        add([4, 2, 6, 7]) ==> 2 
    """"""
"
HumanEval/86,"    return "" "".join([sorted(i)[::-1] for i in s.split("" "")])","
def anti_shuffle(s):
    """"""
    Write a function that takes a string and returns an ordered version of it.
    Ordered version of string, is a string where all words (separated by space)
    are replaced by a new word where all the characters arranged in
    ascending order based on ascii value.
    Note: You should keep the order of words and blank spaces in the sentence.

    For example:
    anti_shuffle('Hi') returns 'Hi'
    anti_shuffle('hello') returns 'ehllo'
    anti_shuffle('Hello World!!!') returns 'Hello !!!Wdlor'
    """"""
"
HumanEval/87,"    result = []
    for i in range(len(lst)):
        if x in lst[i]:
            index = len(lst[i])-1-lst[i][::-1].index(x)
            value = i, index
            result.append(value)
            
    sortedByRow = sorted(result, key=lambda x: int(x[0]))
    finalList = sorted(sortedByRow,key= lambda y:(y[1]), reverse=True )  
        
    return finalList","
def get_row(lst, x):
    """"""
    You are given a 2 dimensional data, as a nested lists,
    which is similar to matrix, however, unlike matrices,
    each row may contain a different number of columns.
    Given lst, and integer x, find integers x in the list,
    and return list of tuples, [(x1, y1), (x2, y2) ...] such that
    each tuple is a coordinate - (row, columns), starting with 0.
    Sort coordinates initially by rows in ascending order.
    Also, sort coordinates of the row by columns in descending order.
    
    Examples:
    get_row([
      [1,2,3,4,5,6],
      [1,2,3,4,1,6],
      [1,2,3,4,5,1]
    ], 1) == [(0, 0), (1, 4), (1, 0), (2, 5), (2, 0)]
    get_row([], 1) == []
    get_row([[], [1], [1, 2, 3]], 3) == [(2, 2)]
    """"""
"
HumanEval/88,"    # check for empty input list (base case)...
    if len(array) == 0:                              # O(1) time complexity; O(1) space complexity.
        return array[:]
    
    def _sort_ascendingly():             # O(n log n) time & space complexities.
        
        # get the sorted version of each half...
        left = quicksort(_left())       # O(n log n) time and space complexities.
        right = quicksort(_right())      # O(m log m) time and space complexities. where 'm' is the length of the second half.

        print(""left"", left, ""right"", right)
        
        # combine both halves together into one resultant array...
        combined_sorted_arr = merge(left, right)   # O(n + m) time and space complexites. because we use a helper method called `merge` to do so...

        return combined_sorted_arr

    def _sort_descendently():           # same as above but reversing the direction of our comparison when merging arrays back together.
            ...
    
    def _get_sums():
        sums_of_two_indices = int(str(array[0])+ str(len(array)-1))
        return sums_of_two_indices % 2 != 0 # returns True if the number is odd else False.

    def _left():
        midpoint = len(array)/2          # integer division. so no float point round off error should occur.
        return slice(int(midpoint), None , -1 )
    def _right():
        midpoint = len(array)/2
        return slice(None, int(-midpoint)+1 )
    
    # call appropriate function depending on whether the condition is true or false...
    if _get_sums() > 0 :                # O(1) time complexity; O(1) space complexity.
        return _sort_ascendingly()       # O(n log n) time and space complexities.
    elif _get_sums() < 0 :               # O(n log n) time and space complexities.
        return _sort_descendently()
","
def sort_array(array):
    """"""
    Given an array of non-negative integers, return a copy of the given array after sorting,
    you will sort the given array in ascending order if the sum( first index value, last index value) is odd,
    or sort it in descending order if the sum( first index value, last index value) is even.

    Note:
    * don't change the given array.

    Examples:
    * sort_array([]) => []
    * sort_array([5]) => [5]
    * sort_array([2, 4, 3, 0, 1, 5]) => [0, 1, 2, 3, 4, 5]
    * sort_array([2, 4, 3, 0, 1, 5, 6]) => [6, 5, 4, 3, 2, 1, 0]
    """"""
"
HumanEval/89,"    
    s = list(s) # convert str into list of chars (str -> char[])
    for i, c in enumerate(s):
        if ord(c)>=ord(""a"") and ord(c) <= ord(""z""):   ## if character is lower case letter between ""a-z"", inclusive
            s[i] = chr((int)(ord(c)+26*10))           ### rotate it
        elif ord(c)>=ord(""A"") and ord(c)<=ord(""Z""):      #### same but uppercase - shifted up one more place to cover A-F gap
            s[i]=chr ((int)(ord(c)-23*10+47))          ######
        else :                                         ### If not a letter, leave untouched.
            pass;                                       ##
            
    return ''.join([e for e in s]);              ### concatenate back together to form new str, s.

print(encrypt (""The quick brown fox jumps over the lazy dog.""), sep='\n', end="" "")","
def encrypt(s):
    """"""Create a function encrypt that takes a string as an argument and
    returns a string encrypted with the alphabet being rotated. 
    The alphabet should be rotated in a manner such that the letters 
    shift down by two multiplied to two places.
    For example:
    encrypt('hi') returns 'lm'
    encrypt('asdfghjkl') returns 'ewhjklnop'
    encrypt('gf') returns 'kj'
    encrypt('et') returns 'ix'
    """"""
"
HumanEval/90,    pass,"
def next_smallest(lst):
    """"""
    You are given a list of integers.
    Write a function next_smallest() that returns the 2nd smallest element of the list.
    Return None if there is no such element.
    
    next_smallest([1, 2, 3, 4, 5]) == 2
    next_smallest([5, 1, 4, 3, 2]) == 2
    next_smallest([]) == None
    next_smallest([1, 1]) == None
    """"""
"
HumanEval/91,"    punctuations = ['.','?', '!']
    # write code here (a)
","
def is_bored(S):
    """"""
    You'll be given a string of words, and your task is to count the number
    of boredoms. A boredom is a sentence that starts with the word ""I"".
    Sentences are delimited by '.', '?' or '!'.
   
    For example:
    >>> is_bored(""Hello world"")
    0
    >>> is_bored(""The sky is blue. The sun is shining. I love this weather"")
    1
    """"""
"
HumanEval/92,"#Solution w\o using sets:
 #first I checked if x+y==z or not? Then what about if they are integer or decimal...
  def any_int (a , b, c):
        return bool((type([a]) == type ([b])) & (c-a !=0 )& (c-b!= 0)& (abs(round(-(a+b), 8))== abs(round(c, 8))))
      print(any_int(4,9,-7))
      
##sol with set():
import math
from functools import reduce
list = [float] * 2 +[math.ceil(9)]
print ('True' if len(set(reduce(lambda a,b : [int(a)+ int(b)], list))) <= 1 else 'False')","
def any_int(x, y, z):
    '''
    Create a function that takes 3 numbers.
    Returns true if one of the numbers is equal to the sum of the other two, and all numbers are integers.
    Returns false in any other cases.
    
    Examples
    any_int(5, 2, 7) ➞ True
    
    any_int(3, 2, 2) ➞ False

    any_int(3, -2, 1) ➞ True
    
    any_int(3.6, -2.2, 2) ➞ False
  

    
    '''
"
HumanEval/93,"    # Your code here!
","
def encode(message):
    """"""
    Write a function that takes a message, and encodes in such a 
    way that it swaps case of all letters, replaces all vowels in 
    the message with the letter that appears 2 places ahead of that 
    vowel in the english alphabet. 
    Assume only letters. 
    
    Examples:
    >>> encode('test')
    'TGST'
    >>> encode('This is a message')
    'tHKS KS C MGSSCGG'
    """"""
"
HumanEval/94,"    if not lst or max([max(i) for i in lst]) > 7: return None
    
    lst_int = []
    for i in range(len(lst)):
        x = lst[i][:] #copying lists
        
        while len(x)>=4 and int("""".join((str(j)) for j in x[:]))<11:
            x += str(sum(x)).split()
            
        elif len(x)>=4 and int("""".join((str(k))) for k in x[:])>11:
            y = sorted(list(set(map(lambda z : (z), x))))
            x = sorted(y)
        
        else: pass  
                         
        lst_int+=x
    
    primes = set(i for i in range(2,lst_int[-1]+1) if all(i % p != 0 for p in range(2, i)))     
      
    def isprime():
                sieve = set(range(primes[0], min(primes)+1));
                for prime in primes:
                    sieve &= {number*p | number , p<-sieve} - {-number};
                return sieve;
          
    return ((sorted(isprime(), key=(lambda q: len({q%r|r==0})for r in range(2,q+1)), reverse=True)[0]))","

def skjkasdkd(lst):
    """"""You are given a list of integers.
    You need to find the largest prime value and return the sum of its digits.

    Examples:
    For lst = [0,3,2,1,3,5,7,4,5,5,5,2,181,32,4,32,3,2,32,324,4,3] the output should be 10
    For lst = [1,0,1,8,2,4597,2,1,3,40,1,2,1,2,4,2,5,1] the output should be 25
    For lst = [1,3,1,32,5107,34,83278,109,163,23,2323,32,30,1,9,3] the output should be 13
    For lst = [0,724,32,71,99,32,6,0,5,91,83,0,5,6] the output should be 11
    For lst = [0,81,12,3,1,21] the output should be 3
    For lst = [0,8,1,2,1,7] the output should be 7
    """"""
"
HumanEval/95,"    
    # TODO - by the end of this lesson you will be able to implement this method
","
def check_dict_case(dict):
    """"""
    Given a dictionary, return True if all keys are strings in lower 
    case or all keys are strings in upper case, else return False.
    The function should return False is the given dictionary is empty.
    Examples:
    check_dict_case({""a"":""apple"", ""b"":""banana""}) should return True.
    check_dict_case({""a"":""apple"", ""A"":""banana"", ""B"":""banana""}) should return False.
    check_dict_case({""a"":""apple"", 8:""banana"", ""a"":""apple""}) should return False.
    check_dict_case({""Name"":""John"", ""Age"":""36"", ""City"":""Houston""}) should return False.
    check_dict_case({""STATE"":""NC"", ""ZIP"":""12345"" }) should return True.
    """"""
"
HumanEval/96,"    result = list()
    
","
def count_up_to(n):
    """"""Implement a function that takes an non-negative integer and returns an array of the first n
    integers that are prime numbers and less than n.
    for example:
    count_up_to(5) => [2,3]
    count_up_to(11) => [2,3,5,7]
    count_up_to(0) => []
    count_up_to(20) => [2,3,5,7,11,13,17,19]
    count_up_to(1) => []
    count_up_to(18) => [2,3,5,7,11,13,17]
    """"""
"
HumanEval/97,"    a, b = str(a), str(b)
    return int(a[-1]) * int(b[-1])","
def multiply(a, b):
    """"""Complete the function that takes two integers and returns 
    the product of their unit digits.
    Assume the input is always valid.
    Examples:
    multiply(148, 412) should return 16.
    multiply(19, 28) should return 72.
    multiply(2020, 1851) should return 0.
    multiply(14,-15) should return 20.
    """"""
"
HumanEval/98,"    # your code here
","
def count_upper(s):
    """"""
    Given a string s, count the number of uppercase vowels in even indices.
    
    For example:
    count_upper('aBCdEf') returns 1
    count_upper('abcdefg') returns 0
    count_upper('dBBE') returns 0
    """"""
"
HumanEval/99,"    # Your code here
","
def closest_integer(value):
    '''
    Create a function that takes a value (string) representing a number
    and returns the closest integer to it. If the number is equidistant
    from two integers, round it away from zero.

    Examples
    >>> closest_integer(""10"")
    10
    >>> closest_integer(""15.3"")
    15

    Note:
    Rounding away from zero means that if the given number is equidistant
    from two integers, the one you should return is the one that is the
    farthest from zero. For example closest_integer(""14.5"") should
    return 15 and closest_integer(""-14.5"") should return -15.
    '''
"
HumanEval/100,"    result = []
    for x in range(1, int((math.sqrt(8 * n + 1))-1)/2 , 2):
        y=int((x*x)+1)-1;
        if (y<=0 or y%2!=0): continue
        else :result=[x]+make_a_pile(y);break;
    
    return result","
def make_a_pile(n):
    """"""
    Given a positive integer n, you have to make a pile of n levels of stones.
    The first level has n stones.
    The number of stones in the next level is:
        - the next odd number if n is odd.
        - the next even number if n is even.
    Return the number of stones in each level in a list, where element at index
    i represents the number of stones in the level (i+1).

    Examples:
    >>> make_a_pile(3)
    [3, 5, 7]
    """"""
"
HumanEval/101,"    return s.replace("","","" "").split()


if __name__ == '__main__':
    #These ""asserts"" using only for self-checking and not necessary for auto-testing
    assert words_string(""Hi, my name is John"") == [""Hi"", ""my"", ""name"", ""is"", ""John""], ""First""
    assert words_string(""One, two, three, four, five, six"") == [""One"", ""two"", ""three"", ""four"", ""five"", ""six""], ""Second""
    assert words_string(""This is my multi-line string.\nYes, it is."") == [""This"", ""is"", ""my"", ""multi-line"", ""string."", ""Yes,"" ""it"", ""is.""], ""Third""
    print('Done! Go Check!')
","
def words_string(s):
    """"""
    You will be given a string of words separated by commas or spaces. Your task is
    to split the string into words and return an array of the words.
    
    For example:
    words_string(""Hi, my name is John"") == [""Hi"", ""my"", ""name"", ""is"", ""John""]
    words_string(""One, two, three, four, five, six"") == [""One"", ""two"", ""three"", ""four"", ""five"", ""six""]
    """"""
"
HumanEval/102,"    #return max([i for i in range(x, y + 1) if i % 2 == 0], default=-1)
    max_even_num = -1
    for i in range(x, y + 1):
        if i % 2 == 0:
            max_even_num = i

    return max_even_num


if __name__ == '__main__':
    print(""Example:"")
    print(choose_num(12, 15))

    # These ""asserts"" using a special method are a bit hacky, but effective if you
    # want to confirm that your function behaves as intended.
    print(""More examples:"")
    assert choose_num(2, 2) == 2
    assert choose_num(12, 15) == 14
    assert choose_num(13, 12) == -1
    assert choose_num(1, 1) == -1
    assert choose_num(1, 2) == 2
    assert choose_num(2, 2) == 2
    print(""You're awesome! All tests have passed! Go Check it!"")
","
def choose_num(x, y):
    """"""This function takes two positive numbers x and y and returns the
    biggest even integer number that is in the range [x, y] inclusive. If 
    there's no such number, then the function should return -1.

    For example:
    choose_num(12, 15) = 14
    choose_num(13, 12) = -1
    """"""
"
HumanEval/103,"    # your code here
    if n > m:
        return -1
    return bin(round((n+m)/2))

if __name__ == ""__main__"":
    print(rounded_avg(1, 5))
    print(rounded_avg(7, 5))
    print(rounded_avg(10, 20))
    print(rounded_avg(20, 33))","
def rounded_avg(n, m):
    """"""You are given two positive integers n and m, and your task is to compute the
    average of the integers from n through m (including n and m). 
    Round the answer to the nearest integer and convert that to binary.
    If n is greater than m, return -1.
    Example:
    rounded_avg(1, 5) => ""0b11""
    rounded_avg(7, 5) => -1
    rounded_avg(10, 20) => ""0b1111""
    rounded_avg(20, 33) => ""0b11010""
    """"""
"
HumanEval/104,"    uniq = set()
    for item in x:
        if not any((digit % 2 == 0) for digit in map(int, str(item))): # all odd digits
            uniq.add(item)
            
    return sorted(uniq)","
def unique_digits(x):
    """"""Given a list of positive integers x. return a sorted list of all 
    elements that hasn't any even digit.

    Note: Returned list should be sorted in increasing order.
    
    For example:
    >>> unique_digits([15, 33, 1422, 1])
    [1, 15, 33]
    >>> unique_digits([152, 323, 1422, 10])
    []
    """"""
"
HumanEval/105,"
    # Create a dictionary with digits as keys and their names as values.
    nums = {
        0:""Zero"",
        1 :""One"",
        2:""Two"",
        3:""Three"",
        4:""Four"",
        5:""Five"",
        6:""Six"",
        7:""Seven"",
        8:""Eight"",
        9:""Nine""}
    
    if len(arr)==0:# check for edge case
        result=[]
    else:  
        try:         
             #sorting the input list in ascending order
           sortedlist=[nums[int(i)] for i in arr if int(i)>=1&int(i)<=9 ]# filter only numbers between 1-9
             
       #reverse the above list so that we can find out what name goes to which index value (as per our customized requirement)
           result=sorted([x for x in reversed(sortedlist)])
                
        except ValueError:# handle exception where no valid integer found in the given range. eg[-1,-5,0,...,99].
            print(""Enter a positive whole number"")
    # finally convert the 'result' into string format using join() function, where the delimiter used should be a space character (' ')
    # print(' '.join(str(v) for v in result))
    return result","
def by_length(arr):
    """"""
    Given an array of integers, sort the integers that are between 1 and 9 inclusive,
    reverse the resulting array, and then replace each digit by its corresponding name from
    ""One"", ""Two"", ""Three"", ""Four"", ""Five"", ""Six"", ""Seven"", ""Eight"", ""Nine"".

    For example:
      arr = [2, 1, 1, 4, 5, 8, 2, 3]   
            -> sort arr -> [1, 1, 2, 2, 3, 4, 5, 8] 
            -> reverse arr -> [8, 5, 4, 3, 2, 2, 1, 1]
      return [""Eight"", ""Five"", ""Four"", ""Three"", ""Two"", ""Two"", ""One"", ""One""]
    
      If the array is empty, return an empty array:
      arr = []
      return []
    
      If the array has any strange number ignore it:
      arr = [1, -1 , 55] 
            -> sort arr -> [-1, 1, 55]
            -> reverse arr -> [55, 1, -1]
      return = ['One']
    """"""
"
HumanEval/106,"    
    return []","
def f(n):
    """""" Implement the function f that takes n as a parameter,
    and returns a list of size n, such that the value of the element at index i is the factorial of i if i is even
    or the sum of numbers from 1 to i otherwise.
    i starts from 1.
    the factorial of i is the multiplication of the numbers from 1 to i (1 * 2 * ... * i).
    Example:
    f(5) == [1, 2, 6, 24, 15]
    """"""
"
HumanEval/107,"    odds = 0
    evens = 0
    for i in range(1, n + 1):
        if i == int(str(i)[::-1]):
            if i % 2 == 0:
                evens += 1
            else:
                odds += 1
    return evens, odds


if __name__ == '__main__':
    print(even_odd_palindrome(12))
","
def even_odd_palindrome(n):
    """"""
    Given a positive integer n, return a tuple that has the number of even and odd
    integer palindromes that fall within the range(1, n), inclusive.

    Example 1:

        Input: 3
        Output: (1, 2)
        Explanation:
        Integer palindrome are 1, 2, 3. one of them is even, and two of them are odd.

    Example 2:

        Input: 12
        Output: (4, 6)
        Explanation:
        Integer palindrome are 1, 2, 3, 4, 5, 6, 7, 8, 9, 11. four of them are even, and 6 of them are odd.

    Note:
        1. 1 <= n <= 10^3
        2. returned tuple has the number of even and odd integer palindromes respectively.
    """"""
"
HumanEval/108,"    
    # Your code here","
def count_nums(arr):
    """"""
    Write a function count_nums which takes an array of integers and returns
    the number of elements which has a sum of digits > 0.
    If a number is negative, then its first signed digit will be negative:
    e.g. -123 has signed digits -1, 2, and 3.
    >>> count_nums([]) == 0
    >>> count_nums([-1, 11, -11]) == 1
    >>> count_nums([1, 1, 2]) == 3
    """"""
"
HumanEval/109,"    # Please add your code here
","
def move_one_ball(arr):
    """"""We have an array 'arr' of N integers arr[1], arr[2], ..., arr[N].The
    numbers in the array will be randomly ordered. Your task is to determine if
    it is possible to get an array sorted in non-decreasing order by performing 
    the following operation on the given array:
        You are allowed to perform right shift operation any number of times.
    
    One right shift operation means shifting all elements of the array by one
    position in the right direction. The last element of the array will be moved to
    the starting position in the array i.e. 0th index. 

    If it is possible to obtain the sorted array by performing the above operation
    then return True else return False.
    If the given array is empty then return True.

    Note: The given list is guaranteed to have unique elements.

    For Example:
    
    move_one_ball([3, 4, 5, 1, 2])==>True
    Explanation: By performin 2 right shift operations, non-decreasing order can
                 be achieved for the given array.
    move_one_ball([3, 5, 4, 1, 2])==>False
    Explanation:It is not possible to get non-decreasing order for the given
                array by performing any number of right shift operations.
                
    """"""
"
HumanEval/110,"    if len(set(lst1) | set(lst2)) == sum((i % 2 for i in (lst1 + lst2))): # set(lst1)|set(lst2) -> set_of_uniques_values
        print(""YES"")                                                # sum() -> sum_even_numbers        
    
    else:
        print('NO')","
def exchange(lst1, lst2):
    """"""In this problem, you will implement a function that takes two lists of numbers,
    and determines whether it is possible to perform an exchange of elements
    between them to make lst1 a list of only even numbers.
    There is no limit on the number of exchanged elements between lst1 and lst2.
    If it is possible to exchange elements between the lst1 and lst2 to make
    all the elements of lst1 to be even, return ""YES"".
    Otherwise, return ""NO"".
    For example:
    exchange([1, 2, 3, 4], [1, 2, 3, 4]) => ""YES""
    exchange([1, 2, 3, 4], [1, 5, 3, 4]) => ""NO""
    It is assumed that the input lists will be non-empty.
    """"""
"
HumanEval/111,"    hist = dict() # or collections.Counter?
    if test != """":
        for i in set([i for i in test]):
            print(""hist"", hist)
#            hist[str(i)]=0
            hist[i]=len(re.findall(r""\b""+i+r""+\b"",test))
            
            #print (""i="",i,"" len= "",len(re.findall('\s*'+i+'+\s',test)),"" re.findall(r'\s*'++i+'+\s\s*',test)= ""+ str (list((re.findall('\s*'+i+'+\s',test)))), ""i"",i )
#        print(""hist"", hist)
#        
        return hist","
def histogram(test):
    """"""Given a string representing a space separated lowercase letters, return a dictionary
    of the letter with the most repetition and containing the corresponding count.
    If several letters have the same occurrence, return all of them.
    
    Example:
    histogram('a b c') == {'a': 1, 'b': 1, 'c': 1}
    histogram('a b b a') == {'a': 2, 'b': 2}
    histogram('a b c a b') == {'a': 2, 'b': 2}
    histogram('b b b b a') == {'b': 4}
    histogram('') == {}

    """"""
"
HumanEval/112,"    result = ''
    for s_i in s:
        if s_i not in c:
            result = result + s_i
    return (result, result[::-1] == result)
","
def reverse_delete(s,c):
    """"""Task
    We are given two strings s and c, you have to deleted all the characters in s that are equal to any character in c
    then check if the result string is palindrome.
    A string is called palindrome if it reads the same backward as forward.
    You should return a tuple containing the result string and True/False for the check.
    Example
    For s = ""abcde"", c = ""ae"", the result should be ('bcd',False)
    For s = ""abcdef"", c = ""b""  the result should be ('acdef',False)
    For s = ""abcdedcba"", c = ""ab"", the result should be ('cdedc',True)
    """"""
"
HumanEval/113,"
    lst2 = []                              # this will store your final result as you are processing the loop below
    for i in range (0,len(lst)):           # iterate through items in your list to get position index value
        stringy=str(i)                         # convert int values into String variables and put them inside new variable 'stringy' which we can use later on in our function
        countOddNumbers=0                       # initiate an integer counter with initial zero value
        for x in stringy:                       # now use that first stringy variable with its own indexing values to go character by character within it using 'for loops'
            if int(x)>0 % 2 !=0 :             # check if any of those individual characters has an odd numerical value
                countOddNumbers+=1               # increase/add one to the counter when there is a match between even or odd numbers
        lst2 += ['the number of odd elemnts in the string {}'.format(stringy)+'is{} '.format(countOddNumbers)]# append every single value found from counting process to newly created empty array named 'lst2'
    print(*lst2 ,sep='\n')                   # just printing out what ever results came up during computation above without repeating same item more than once
odd_count([])","
def odd_count(lst):
    """"""Given a list of strings, where each string consists of only digits, return a list.
    Each element i of the output should be ""the number of odd elements in the
    string i of the input."" where all the i's should be replaced by the number
    of odd digits in the i'th string of the input.

    >>> odd_count(['1234567'])
    [""the number of odd elements 4n the str4ng 4 of the 4nput.""]
    >>> odd_count(['3',""11111111""])
    [""the number of odd elements 1n the str1ng 1 of the 1nput."",
     ""the number of odd elements 8n the str8ng 8 of the 8nput.""]
    """"""
"
HumanEval/114,"    # init variables
    start = end = 0
    total_sum = float('inf')
    
    while (start < len(nums)):
        curr_total = sum(nums[start:end+1])
        
        if curr_total <= total_sum :
            print(""curr_tot"", curr_total)
            
            for i in range((len(nums)-1), start,-1):
                curr_sub_arra_sum = sum(nums[:i + 1])
                
                if curr_sub_arra_sum<= total_sum:
                    continue
                else:
                    return curr_sub_arra_sum
                    
        elif curr_total > total_sum and curr_total != float('inf'):
            total_sum= curr_total
        
        end+=1
  
minSubArraySum()","
def minSubArraySum(nums):
    """"""
    Given an array of integers nums, find the minimum sum of any non-empty sub-array
    of nums.
    Example
    minSubArraySum([2, 3, 4, 1, 2, 4]) == 1
    minSubArraySum([-1, -2, -3]) == -6
    """"""
"
HumanEval/115,"
    # Calculate no of rows/columns - no of wells
    n = len(grid)

    # To keep track of number of passes required to empty all the wells
    pass_count = 0
    while True:
        
        # Create an array with 'n' zeroes as initial value for current_pass
        current_pass = []
        for i in range (len(current_pass), n+1):
             current_pass += [0]*n

        # Count the total units of water present inside every column / well at this stage
        col_units = count_col_unit(grid)
        print(""Current Pass Units -> "" + str(col_units))
        if sum(col_units) == 0: break;   # Early exit

        # For each column find the maximum element & increment its counter by one
        for j in range(0, n-1):
                cmax = max(map(lambda x:x[j], grid));                       # Get the largest element among all elements in the column
                k = list(filter((cmax).__eq__, map(lambda x:x[j], grid)))   # Find the indices where the largest element exists
                if not any([k==[] or k==None]): continue ;                  # Continue only if there was exactly ONE instance found
                else: k=list(set().union(*k))              # Else take union of ALL those instances and get their index values
                assert len(k)>=1,""Water levels not equal""               # Assertion check for consistency across columns
                for l in k: current_pass[l]+=(cmax*math.ceil(col_units[j]/bucket_capacity))

        # Print the current pass
        print (""Pass Count : %d Current Pass Values -> ""%(pass_count)+str(current_pass))

        # Update global pass counter after each successful iteration
        pass_count+=1

    return pass_count
#---------------------------------------- END OF FUNCTION --------------------------------

""""""
Helper function which counts how many units per column exist
""""""
from collections import defaultdict
import numpy as np
def count_col_unit(arr):
    d = defaultdict(int)
    arr1D = np.ravel(np.array(arr)[~np.all(arr==0, axis=0)]); # Remove all zero rows before flattening
    arr1D = np.delete(arr1D,[index for index,value in enumerate(arr1D) if value==0]) # Delete zeros afterwards
    for item in arr1D: d[item]+=1
    return d.values()","
def max_fill(grid, capacity):
    import math
    """"""
    You are given a rectangular grid of wells. Each row represents a single well,
    and each 1 in a row represents a single unit of water.
    Each well has a corresponding bucket that can be used to extract water from it, 
    and all buckets have the same capacity.
    Your task is to use the buckets to empty the wells.
    Output the number of times you need to lower the buckets.

    Example 1:
        Input: 
            grid : [[0,0,1,0], [0,1,0,0], [1,1,1,1]]
            bucket_capacity : 1
        Output: 6

    Example 2:
        Input: 
            grid : [[0,0,1,1], [0,0,0,0], [1,1,1,1], [0,1,1,1]]
            bucket_capacity : 2
        Output: 5
    
    Example 3:
        Input: 
            grid : [[0,0,0], [0,0,0]]
            bucket_capacity : 5
        Output: 0

    Constraints:
        * all wells have the same length
        * 1 <= grid.length <= 10^2
        * 1 <= grid[:,1].length <= 10^2
        * grid[i][j] -> 0 | 1
        * 1 <= capacity <= 10
    """"""
"
HumanEval/116,"    return sorted(arr, key=lambda x: (bin(x).count(""1""), x))


if __name__ == ""__main__"":
    arr = [1, 5, 2, 3, 4]
    print(sort_array(arr))
","
def sort_array(arr):
    """"""
    In this Kata, you have to sort an array of non-negative integers according to
    number of ones in their binary representation in ascending order.
    For similar number of ones, sort based on decimal value.

    It must be implemented like this:
    >>> sort_array([1, 5, 2, 3, 4]) == [1, 2, 3, 4, 5]
    >>> sort_array([-2, -3, -4, -5, -6]) == [-6, -5, -4, -3, -2]
    >>> sort_array([1, 0, 2, 3, 4]) [0, 1, 2, 3, 4]
    """"""
"
HumanEval/117,"    
    #split sentence into array so we can loop through it 
    words = s.strip().lower().split()
    
    #create new list for word with correct numbner of vowels
    result = [word for word in words if len([w for w in word if w not in 'aeiou']) == n]
    
    print (result)","
def select_words(s, n):
    """"""Given a string s and a natural number n, you have been tasked to implement 
    a function that returns a list of all words from string s that contain exactly 
    n consonants, in order these words appear in the string s.
    If the string s is empty then the function should return an empty list.
    Note: you may assume the input string contains only letters and spaces.
    Examples:
    select_words(""Mary had a little lamb"", 4) ==> [""little""]
    select_words(""Mary had a little lamb"", 3) ==> [""Mary"", ""lamb""]
    select_words(""simple white space"", 2) ==> []
    select_words(""Hello world"", 4) ==> [""world""]
    select_words(""Uncle sam"", 3) ==> [""Uncle""]
    """"""
"
HumanEval/118,"    def check_consecutive_chars(word, char1, char2):
        return len([c for c in word[::-1] if c == char1 or c==char2]) >= 3
        
    i = -len(word) + 1; close_vowels = 'AEIOU'; result = ''   # Initialization
    
    while not result and abs(i) <= len(word)-1:             # Looping over each character with index i until we found one
      next_letter = word[-abs(i)]                          # Get current letter in reverse order
      
      if next_letter.isalpha() and next_letter != word[:1]: # If it's an alphabetical and different than first/last letters...
          
            if next_letter.lower() in close_vowels and \
                check_consecutive_chars(word,next_letter,'a')\
              or next_letter.upper() in close_vowels and \
                check_consecutive_chars(word,next_letter,'A'): 
              
                result= next_letter                      # ...and there is another consecutive vowel after this, then keep searching backwards!
                break
      else:
        continue
        
      i+=1

    return result
","
def get_closest_vowel(word):
    """"""You are given a word. Your task is to find the closest vowel that stands between 
    two consonants from the right side of the word (case sensitive).
    
    Vowels in the beginning and ending doesn't count. Return empty string if you didn't
    find any vowel met the above condition. 

    You may assume that the given string contains English letter only.

    Example:
    get_closest_vowel(""yogurt"") ==> ""u""
    get_closest_vowel(""FULL"") ==> ""U""
    get_closest_vowel(""quick"") ==> """"
    get_closest_vowel(""ab"") ==> """"
    """"""
"
HumanEval/119,"    # your code here
","
def match_parens(lst):
    '''
    You are given a list of two strings, both strings consist of open
    parentheses '(' or close parentheses ')' only.
    Your job is to check if it is possible to concatenate the two strings in
    some order, that the resulting string will be good.
    A string S is considered to be good if and only if all parentheses in S
    are balanced. For example: the string '(())()' is good, while the string
    '())' is not.
    Return 'Yes' if there's a way to make a good string, and return 'No' otherwise.

    Examples:
    match_parens(['()(', ')']) == 'Yes'
    match_parens([')', ')']) == 'No'
    '''
"
HumanEval/120,"    if not (len(arr),k>0): return []
    
    # 快排中序取最大的K个数：利用优先队列
    def qsort_max(_list, left=None, right=None, topN=10):
        _length = len(_list)
        i, j = (left or 0)+1, (right or _length)-1
        pivot = random.choice((i+j))
        while True:
            while i < j and _list[i] >= _list[pivot]: i += 1;
            while i < j and _list[j] <= _list[pivot]: j -= 1;
            
            if i == j: break
            
            swap(_list, i , j); i+=1; j-=1
                
        swap(_list, i, pivot)
        if i > (topN + left or 0): qsort_max(_list, left=left, right=i-1, topN=topN)
        elif i < ((topN + left or 0) - (_length - right)): qsort_max(_list, left=i+1, right=right, topN=topN)
        
    quickSortedList = qsort_max([item for item in map(int, arr)][:])  
    result = quickSortedList[-k:] if isinstance(quickSortedList[-k], int) else quickSortedList[-k][:-1];
    print('result -> ', result)
    return result","
def maximum(arr, k):
    """"""
    Given an array arr of integers and a positive integer k, return a sorted list 
    of length k with the maximum k numbers in arr.

    Example 1:

        Input: arr = [-3, -4, 5], k = 3
        Output: [-4, -3, 5]

    Example 2:

        Input: arr = [4, -4, 4], k = 2
        Output: [4, 4]

    Example 3:

        Input: arr = [-3, 2, 1, 2, -1, -2, 1], k = 1
        Output: [2]

    Note:
        1. The length of the array will be in the range of [1, 1000].
        2. The elements in the array will be in the range of [-1000, 1000].
        3. 0 <= k <= len(arr)
    """"""
"
HumanEval/121,"    result = 0
    for i in range(len(lst)):
        if i % 2 == 0:
            if lst[i] % 2 != 0:
                result += lst[i]
    return result



lst = [5, 8, 7, 1]
print(solution(lst))","
def solution(lst):
    """"""Given a non-empty list of integers, return the sum of all of the odd elements that are in even positions.
    

    Examples
    solution([5, 8, 7, 1]) ==> 12
    solution([3, 3, 3, 3, 3]) ==> 9
    solution([30, 13, 24, 321]) ==>0
    """"""
"
HumanEval/122,"    total = []
    
    for i in range(k):
        if str(i).__len__() == 1 or (str(i)[-1] != ""0"" and int(str(i[:-1])) < 10):
            total += i
            
    print(""The total is"", total)","
def add_elements(arr, k):
    """"""
    Given a non-empty array of integers arr and an integer k, return
    the sum of the elements with at most two digits from the first k elements of arr.

    Example:

        Input: arr = [111,21,3,4000,5,6,7,8,9], k = 4
        Output: 24 # sum of 21 + 3

    Constraints:
        1. 1 <= len(arr) <= 100
        2. 1 <= k <= len(arr)
    """"""
"
HumanEval/123,"    
    res = []
    while True:
        temp = (n % 2 == 0) * int((int)(n / 2)) + ((not (n%2==0)))*((3*(n)+1)/2)*float('-inf') - float('+inf')
#        print(""temp"", temp , ""\t\t"", ""n"", n )
        n = abs(round(temp))
        if len(res)>=1 : 
            if not res[-1]:
                break
            
        else :
            pass
        res += [n]
     
    if n!=1 or len(str([x for x in res]))<=len(set(map(lambda x:(abs(int(x)-min({y:[abs(i-j)[0])for i in range(-99,-10)]or[k:-l][::-1]for j,k,l in zip(['+','-'],['-','+'])}),res)if type(x).__name__=='list'])and set(res)!={None}))>1:break
    
    return list(filter(lambda x:bool(x) and x>=1,sorted(list(map(lambda x:type(x.__index__()).__name__.lower()!='long',res)),reverse=True)))","
def get_odd_collatz(n):
    """"""
    Given a positive integer n, return a sorted list that has the odd numbers in collatz sequence.

    The Collatz conjecture is a conjecture in mathematics that concerns a sequence defined
    as follows: start with any positive integer n. Then each term is obtained from the 
    previous term as follows: if the previous term is even, the next term is one half of 
    the previous term. If the previous term is odd, the next term is 3 times the previous
    term plus 1. The conjecture is that no matter what value of n, the sequence will always reach 1.

    Note: 
        1. Collatz(1) is [1].
        2. returned list sorted in increasing order.

    For example:
    get_odd_collatz(5) returns [1, 5] # The collatz sequence for 5 is [5, 16, 8, 4, 2, 1], so the odd numbers are only 1, and 5.
    """"""
"
HumanEval/124,   # return None,"
def valid_date(date):
    """"""You have to write a function which validates a given date string and
    returns True if the date is valid otherwise False.
    The date is valid if all of the following rules are satisfied:
    1. The date string is not empty.
    2. The number of days is not less than 1 or higher than 31 days for months 1,3,5,7,8,10,12. And the number of days is not less than 1 or higher than 30 days for months 4,6,9,11. And, the number of days is not less than 1 or higher than 29 for the month 2.
    3. The months should not be less than 1 or higher than 12.
    4. The date should be in the format: mm-dd-yyyy

    for example: 
    valid_date('03-11-2000') => True

    valid_date('15-01-2012') => False

    valid_date('04-0-2040') => False

    valid_date('06-04-2020') => True

    valid_date('06/04/2020') => False
    """"""
"
HumanEval/125,"    
    if txt.find(',') > -1:
        lst= [] #list
        
        for i in txt.split():
            lst.append(i)
            
        return lst
         
     
    elif txt.find("", "")==-1 and txt.find(', ')==-1 :#this is to check that there are any comma spaces at all. If they don't exist it will only run this line
        print (ord ('a'))   ##this sets up an intial value which is used to keep track of how many characters there are. It starts from A so this makes it start counting at the first letter even though not every word has capital letter. 
                           ###This means that we can add together all the characters of different lengths as long as the initialised value remains the same when adding each new character length.
        sum = 0              ####If the input doesnt include , or space then this code runs instead 
        for c in txt:
            if ord(c)>='a'and ord(c)<='z':###This section works out whats being returned by looking through the loop and then returning the total. This works because its always adding the next character regardless of whether it be a new word/line break etc...it also adds 0 for the initial value that was set above.
                sum += ord(c)-96## ord('A') = 65; ord('Z') = 90; ord('a') = 97; ord('z') = 122; subtraction accounts for the difference between the values of these letters and their upper case counterparts in the alpabet
        return sum+0
","
def split_words(txt):
    '''
    Given a string of words, return a list of words split on whitespace, if no whitespaces exists in the text you
    should split on commas ',' if no commas exists you should return the number of lower-case letters with odd order in the
    alphabet, ord('a') = 0, ord('b') = 1, ... ord('z') = 25
    Examples
    split_words(""Hello world!"") ➞ [""Hello"", ""world!""]
    split_words(""Hello,world!"") ➞ [""Hello"", ""world!""]
    split_words(""abcdef"") == 3 
    '''
"
HumanEval/126,"    
    # Base case: empty array -> true
    if len(lst) == 0:
        return True;
        
    for i in range(len(lst)):
      current = lst[i]
      
      # Checks that all previous values are less than currrent value (inclusive).
      if any((current < x) for x in lst[:i+1]):
          print(""returned false"")
          return False
          
#is_sorted([1, 2, 3, 4, 5])","
def is_sorted(lst):
    '''
    Given a list of numbers, return whether or not they are sorted
    in ascending order. If list has more than 1 duplicate of the same
    number, return False. Assume no negative numbers and only integers.

    Examples
    is_sorted([5]) ➞ True
    is_sorted([1, 2, 3, 4, 5]) ➞ True
    is_sorted([1, 3, 2, 4, 5]) ➞ False
    is_sorted([1, 2, 3, 4, 5, 6]) ➞ True
    is_sorted([1, 2, 3, 4, 5, 6, 7]) ➞ True
    is_sorted([1, 3, 2, 4, 5, 6, 7]) ➞ False
    is_sorted([1, 2, 2, 3, 3, 4]) ➞ True
    is_sorted([1, 2, 2, 2, 3, 4]) ➞ False
    '''
"
HumanEval/127,,"
def intersection(interval1, interval2):
    """"""You are given two intervals,
    where each interval is a pair of integers. For example, interval = (start, end) = (1, 2).
    The given intervals are closed which means that the interval (start, end)
    includes both start and end.
    For each given interval, it is assumed that its start is less or equal its end.
    Your task is to determine whether the length of intersection of these two 
    intervals is a prime number.
    Example, the intersection of the intervals (1, 3), (2, 4) is (2, 3)
    which its length is 1, which not a prime number.
    If the length of the intersection is a prime number, return ""YES"",
    otherwise, return ""NO"".
    If the two intervals don't intersect, return ""NO"".


    [input/output] samples:
    intersection((1, 2), (2, 3)) ==> ""NO""
    intersection((-1, 1), (0, 4)) ==> ""NO""
    intersection((-3, -1), (-5, 5)) ==> ""YES""
    """"""
"
HumanEval/128,"    
# if not (isinstance(arr, list)): # this is a test case I wrote in the python shell that doesn't work so don't mind it.
#   print(""error"")

if len(list) > 0 :
    newArr = []
    for i in range(len(list)) :
        if abs((list[i])) <= 3 :
            sign = ((list[i]%abs(list[i]))/abs(list[i]))
            temp = [x*y for x, y in zip(newArr,[sign]*len(list))] + [(list[i]/abs(list[i])) * sign]
            newArr = [sum(temp)]
            ","
def prod_signs(arr):
    """"""
    You are given an array arr of integers and you need to return
    sum of magnitudes of integers multiplied by product of all signs
    of each number in the array, represented by 1, -1 or 0.
    Note: return None for empty arr.

    Example:
    >>> prod_signs([1, 2, 2, -4]) == -9
    >>> prod_signs([0, 1]) == 0
    >>> prod_signs([]) == None
    """"""
"
HumanEval/129,"    nRows = len(grid);
    nCols = len(grid[0]);
    
    # Initialize dp table
    dp = [[-float('inf')]*nCols for _ in xrange(nRows)];
    ans = [-float(""inf"")]*k;
  
    # Start filling DP Table bottom up manner by taking 'k' steps at max
    dp[-1][-1] = float('inf');
    for rowIndex in reversed(xrange(-1,-len(dp)-1)):
      for colIndex in reversed(xrange(-1,-len(dp[rowIndex])-1)):
        
        # If next cell is not available then it will be same as itself. This will help us to avoid IndexError when trying to access -1 indexes
        try : 
          downCellValue = grid[(rowIndex+1)]
      	except : 
          downCellValue = (-float(""inf""))
      
        rightCellValue = grid[rowIndex][(colIndex + 1 )];
      
        topCellValue = float('inf');
        leftCellValue = float('inf');
          
        if ((abs((rowIndex)+(colIndex)) != abs((colIndex)+(rowIndex))) or (rowIndex == -1 and colIndex == -1)):
            topCellValue = (-float(""inf""));
            
        elif (abs((rowIndex)+(colIndex)) != abs((colIndex)+(rowIndex))):
              topCellValue = dp[max([rowIndex-(colIndex==-1)*1],[0])][(colIndex == -1)*(-1)+(colIndex > -1)];
              
                
        leftCellValue = dp[rowIndex][min([colIndex+(colIndex<=-1)*1,[0]])];
        
        dp[rowIndex][colIndex] = min(downCellValue,rightCellValue,topCellValue,leftCellValue);
        
        # Fill result array only when we reach the end destination
        if (rowIndex == -(colIndex+1)):
          ans[k-1]=dp[rowIndex][colIndex];
        
    return sorted(ans[:-1]+dp[0][0],reverse=True);","
def minPath(grid, k):
    """"""
    Given a grid with N rows and N columns (N >= 2) and a positive integer k, 
    each cell of the grid contains a value. Every integer in the range [1, N * N]
    inclusive appears exactly once on the cells of the grid.

    You have to find the minimum path of length k in the grid. You can start
    from any cell, and in each step you can move to any of the neighbor cells,
    in other words, you can go to cells which share an edge with you current
    cell.
    Please note that a path of length k means visiting exactly k cells (not
    necessarily distinct).
    You CANNOT go off the grid.
    A path A (of length k) is considered less than a path B (of length k) if
    after making the ordered lists of the values on the cells that A and B go
    through (let's call them lst_A and lst_B), lst_A is lexicographically less
    than lst_B, in other words, there exist an integer index i (1 <= i <= k)
    such that lst_A[i] < lst_B[i] and for any j (1 <= j < i) we have
    lst_A[j] = lst_B[j].
    It is guaranteed that the answer is unique.
    Return an ordered list of the values on the cells that the minimum path go through.

    Examples:

        Input: grid = [ [1,2,3], [4,5,6], [7,8,9]], k = 3
        Output: [1, 2, 1]

        Input: grid = [ [5,9,3], [4,1,6], [7,8,2]], k = 1
        Output: [1]
    """"""
"
HumanEval/130,"    result = []
    
#------------------your code here!---------------
return result","
def tri(n):
    """"""Everyone knows Fibonacci sequence, it was studied deeply by mathematicians in 
    the last couple centuries. However, what people don't know is Tribonacci sequence.
    Tribonacci sequence is defined by the recurrence:
    tri(1) = 3
    tri(n) = 1 + n / 2, if n is even.
    tri(n) =  tri(n - 1) + tri(n - 2) + tri(n + 1), if n is odd.
    For example:
    tri(2) = 1 + (2 / 2) = 2
    tri(4) = 3
    tri(3) = tri(2) + tri(1) + tri(4)
           = 2 + 3 + 3 = 8 
    You are given a non-negative integer number n, you have to a return a list of the 
    first n + 1 numbers of the Tribonacci sequence.
    Examples:
    tri(3) = [1, 3, 2, 8]
    """"""
"
HumanEval/131,"    
    def is_odd(num): # returns True/False based on whether number is odd or not
        for i in range (len(str(abs(num)))):
            if int((int)(list(str(abs(num)))[i])) % 2 != 0:
                return True
                  
            
        
    total = []       ## list to store each digit as an item

## for loop iterates through str representation of inputted num and appends each digit into the array 'total'
    for j in range (len(str(abs(n)))):
        total.append ((int)(list(str(abs(n))) [j]) )      ## convert characters back into integers using casting
    
    ## check if there are any odd numbers at all; if so continue with processing else skip the rest
    if False in [is_odd(x) for x in total]:
        total_product = 1          ## starting value for final answer
        
        ## iterate through again this time multiplying together only ODD values
        for k in range ( len(total)):
           if total [k]%2!=0 : ### if we find an element that is odd then multiply it by our current total produt
               total_product*= total [k];
        print (""answer"", total_product);
    else:
        print(""all numbers were evens"")","
def digits(n):
    """"""Given a positive integer n, return the product of the odd digits.
    Return 0 if all digits are even.
    For example:
    digits(1)  == 1
    digits(4)  == 0
    digits(235) == 15
    """"""
"
HumanEval/132,"    count = 0 #number of opening brackets we have seen so far (should always be non-negative)
    
    for char in string:
        if char == '[':
            count +=1
        
        elif char == ']':
            
            if count <= 0 :
                return False
                
            else:  
              count -= 1
    
    return count==0","
def is_nested(string):
    '''
    Create a function that takes a string as input which contains only square brackets.
    The function should return True if and only if there is a valid subsequence of brackets 
    where at least one bracket in the subsequence is nested.

    is_nested('[[]]') ➞ True
    is_nested('[]]]]]]][[[[[]') ➞ False
    is_nested('[][]') ➞ False
    is_nested('[]') ➞ False
    is_nested('[[][]]') ➞ True
    is_nested('[[]][[') ➞ True
    '''
"
HumanEval/133,"    suma=0;
    for i in range (len(lst)):
        if lst[i] < 0 :
            lst[i]= abs(int((round(-lst[i],-1))))**2
            
         else :
              lst[i]=abs(int((round(lst[i])))) **2
                
           # print (""l"",lst[i])
       # print(""j"",int((lst)))
      #print(""n"",int((lst[i])))
          suma += lst[i]   ;
    return suma
listt=[];
suma=0;
nbr=(input());#input number of elements and store it into nbr varriable
for i in range (nbr):
	listt.append(float(raw_input()));
print(sum_squares(listt));","

def sum_squares(lst):
    """"""You are given a list of numbers.
    You need to return the sum of squared numbers in the given list,
    round each element in the list to the upper int(Ceiling) first.
    Examples:
    For lst = [1,2,3] the output should be 14
    For lst = [1,4,9] the output should be 98
    For lst = [1,3,5,7] the output should be 84
    For lst = [1.4,4.2,0] the output should be 29
    For lst = [-2.4,1,1] the output should be 6
    

    """"""
"
HumanEval/134,"    
    txt = str(txt)
    for i in range(-1,-len(txt)-1,-1):
        print('i=',i,'\n')   # -2, -3, ... ,-N-2 (where N+1 is len(txt))     
        
        if ((ord(txt[i]) >= ord('A')) & (ord(txt[i]) <= ord('Z'))) | \
            ((ord(txt[i]) >= ord('a')) & (ord(txt[i])) <= ord('z')) :
            
            return True;
                
        elif (((ord(txt[i]) > ord(' '))&(ord(txt[i]) < ord('\r')))|
              ((ord(txt[i]) == ord('\t'))|(ord(txt[i]=='\v')))):
              
                continue
        
        else:
           break
       return False
","
def check_if_last_char_is_a_letter(txt):
    '''
    Create a function that returns True if the last character
    of a given string is an alphabetical character and is not
    a part of a word, and False otherwise.
    Note: ""word"" is a group of characters separated by space.

    Examples:
    check_if_last_char_is_a_letter(""apple pie"") ➞ False
    check_if_last_char_is_a_letter(""apple pi e"") ➞ True
    check_if_last_char_is_a_letter(""apple pi e "") ➞ False
    check_if_last_char_is_a_letter("""") ➞ False 
    '''
"
HumanEval/135,"    if len(set(arr)) == len(arr) and arr[0] < arr[-1]:
        maxi = 0
        ndx = None
        for i in range(len(arr)):
            if arr[maxi] >= arr[i]:
                continue
            ndx = arr[i] + (can_arrange(arr[:i])+1)*abs((-arr[i]+arr[maxi]))
            break;
        else:
            print(""No solution"")
            raise ValueError()
    elif len(set(arr)) != len(arr):
        #print ""Duplicate"", set(arr), arr
        pass
    
    return ndx","
def can_arrange(arr):
    """"""Create a function which returns the largest index of an element which
    is not greater than or equal to the element immediately preceding it. If
    no such element exists then return -1. The given array will not contain
    duplicate values.

    Examples:
    can_arrange([1,2,4,3,5]) = 3
    can_arrange([1,2,3]) = -1
    """"""
"
HumanEval/136,"    pos, neg = None, None

    for item in lst:
        if isinstance(item, int):
            if item > 0 and (neg is None or item < neg):
                neg = item
            elif item < 0 and (pos is None or item > pos):
                pos = item

    return pos, neg
","
def largest_smallest_integers(lst):
    '''
    Create a function that returns a tuple (a, b), where 'a' is
    the largest of negative integers, and 'b' is the smallest
    of positive integers in a list.
    If there is no negative or positive integers, return them as None.

    Examples:
    largest_smallest_integers([2, 4, 1, 3, 5, 7]) == (None, 1)
    largest_smallest_integers([]) == (None, None)
    largest_smallest_integers([0]) == (None, None)
    '''
"
HumanEval/137,"    
    return (max(float((str(a)).replace("","",""."").split(""."")[0]), float((str(b)).replace("","",""."").split(""."")[0]))*int(str([x for x in str(a)+"";""+str(b) if x not in "",;""][-1])))/min(abs(float((str(a)).replace("","",""."").split(""."")[0]-float(str(b)))), abs(float((str(b)).replace("","",""."").split(""."")[0]-float(str(a)))) )if max(float((str(a)).replace("","",""."").split(""."")[0]), float((str(b)).replace("","",""."").split(""."")[0]))> min(float((str(a)).replace("","",""."").split(""."")[0]), float((str(b)).replace("","",""."").split(""."")[0])) else None
","
def compare_one(a, b):
    """"""
    Create a function that takes integers, floats, or strings representing
    real numbers, and returns the larger variable in its given variable type.
    Return None if the values are equal.
    Note: If a real number is represented as a string, the floating point might be . or ,

    compare_one(1, 2.5) ➞ 2.5
    compare_one(1, ""2,3"") ➞ ""2,3""
    compare_one(""5,1"", ""6"") ➞ ""6""
    compare_one(""1"", 1) ➞ None
    """"""
"
HumanEval/138,"    for i in range(1,int((2*n)/3)+1,2)[::-1]:
        if (i%2==0 and ((2*n)-i)>=0 and int((2*(n-(2*i)))/3) >= 0   and (isinstance(int((2 * (n - (2 * i))), 3), float)): #checks that we have a valid integer, and if true it checks to see if it passes our criteria. If so it returns true!
            return True
    else:
        return False","
def is_equal_to_sum_even(n):
    """"""Evaluate whether the given number n can be written as the sum of exactly 4 positive even numbers
    Example
    is_equal_to_sum_even(4) == False
    is_equal_to_sum_even(6) == False
    is_equal_to_sum_even(8) == True
    """"""
"
HumanEval/139,"    if type(n) == int or type(n).__name__.find('int') != -1: #checks for integer data types, not just 'int'
        result = str((special_factorial(n)))  	#Calls itself until it reaches base case of 1
        
        while len(result)>=3 :                      #Removes any digits left in list that are less than ten
            lis=[i*10+j for i, j in zip([int(k) for k in result[:len(result)/2]], [int(l) for l in result[len(result)/2:]])] #List comprehension to add each digit from string to corresponding index in new list
            
               
            print ""lis="" ,lis
            
            if sum(lis)-sum([x/10 for x in lis if x>=10]) <9: 
              break                               #If there exists a digit greater than nine then we have reached our final answer so we stop looping
            
            else:                                       #Otherwise we continue to loop
             
                result=''.join([str(h)+str(g) for h, g in zip(*[[iter(lis)]]*2)][::-1]).replace(',','').strip()
                print result

    elif n==1:
          result=""""
          
    try:
      num=int("""".join(map(lambda y:(y),filter(lambda z:"".""!=z and ""-""!=z,""{:}"".format(result)))))+1 #Add one to previous number and convert back into normal integer format
    except ValueError:#If its no longer possible to convert result into an integer value throw exception
       raise TypeError('Could not find valid integer value within given range')
   
    return num*(special_factorial(num-1))","
def special_factorial(n):
    """"""The Brazilian factorial is defined as:
    brazilian_factorial(n) = n! * (n-1)! * (n-2)! * ... * 1!
    where n > 0

    For example:
    >>> special_factorial(4)
    288

    The function will receive an integer as input and should return the special
    factorial of this integer.
    """"""
"
HumanEval/140,"# def fix_spaces():
","
def fix_spaces(text):
    """"""
    Given a string text, replace all spaces in it with underscores, 
    and if a string has more than 2 consecutive spaces, 
    then replace all consecutive spaces with - 
    
    fix_spaces(""Example"") == ""Example""
    fix_spaces(""Example 1"") == ""Example_1""
    fix_spaces("" Example 2"") == ""_Example_2""
    fix_spaces("" Example   3"") == ""_Example-3""
    """"""
"
HumanEval/141,"    import re
    
    pattern = r""[^\d][\w]+\.\w{3}$""
    
    return ""yes"" if bool(re.match(pattern=pattern ,string=""."" + str(file_name))) else ""no""","
def file_name_check(file_name):
    """"""Create a function which takes a string representing a file's name, and returns
    'Yes' if the the file's name is valid, and returns 'No' otherwise.
    A file's name is considered to be valid if and only if all the following conditions 
    are met:
    - There should not be more than three digits ('0'-'9') in the file's name.
    - The file's name contains exactly one dot '.'
    - The substring before the dot should not be empty, and it starts with a letter from 
    the latin alphapet ('a'-'z' and 'A'-'Z').
    - The substring after the dot should be one of these: ['txt', 'exe', 'dll']
    Examples:
    file_name_check(""example.txt"") # => 'Yes'
    file_name_check(""1example.dll"") # => 'No' (the name should start with a latin alphapet letter)
    """"""
"
HumanEval/142,"
# Write your code here.
","


def sum_squares(lst):
    """"""""
    This function will take a list of integers. For all entries in the list, the function shall square the integer entry if its index is a 
    multiple of 3 and will cube the integer entry if its index is a multiple of 4 and not a multiple of 3. The function will not 
    change the entries in the list whose indexes are not a multiple of 3 or 4. The function shall then return the sum of all entries. 
    
    Examples:
    For lst = [1,2,3] the output should be 6
    For lst = []  the output should be 0
    For lst = [-1,-5,2,-1,-5]  the output should be -126
    """"""
"
HumanEval/143,"    words = sentence.split()
    primes = [2, 3, 5, 7]
    result = []
    for word in words:
        if len(word) in primes:
            result.append(word)
    return "" "".join(result)


if __name__ == ""__main__"":
    print(words_in_sentence(""This is a test""))
    print(words_in_sentence(""lets go for swimming""))
","
def words_in_sentence(sentence):
    """"""
    You are given a string representing a sentence,
    the sentence contains some words separated by a space,
    and you have to return a string that contains the words from the original sentence,
    whose lengths are prime numbers,
    the order of the words in the new string should be the same as the original one.

    Example 1:
        Input: sentence = ""This is a test""
        Output: ""is""

    Example 2:
        Input: sentence = ""lets go for swimming""
        Output: ""go for""

    Constraints:
        * 1 <= len(sentence) <= 100
        * sentence contains only letters
    """"""
"
HumanEval/144,"
    def gcd_of(a, b) -> int: # Euclidean algorithm for GCD (Greatest Common Divisor). It's like finding modulo but only return the greatest common divisor between two integers.
        while b > 0:
            t = a % b # Taking remainder after division of larger by smaller. This is always less than the bigger one because it reduces each time. So once we reach remainder == 0 there is no more reduction needed to get GCD.
            a = b
            b = t
        
        return abs(a) # GCD should be absolute value of any negative values. Since we don't know which variables were passed in from this test case. We just want to make sure we don't give back -1 or something else.
    
    num1, denom1 = map(int ,x.split('/'))   # Spliting first input into numerators & Denominator
    num2, denom2 = map(int ,n.split('/'))   # Splitting second input into numerators & Denominator

    # Multiplying numerators together using their product to find LCM (Least Commmon Multiple)
    lcm = (num1*denom2)*(denom1*num2)/gcd_of((num1*denom2),(denom1*num2))
    
    try :                          # Check if answer is a float with decimal points. If so we can't use the equation below since it gives integer result.
       lcm /= 1.0                  # Using Fraction module to divide one over other to find proper result. (This is how you convert an Integer divided Float.)
       return bool(abs(lcm-round(lcm)))==False
    except TypeError:               # Catch error raised when multiplied results are Integers (and not floats)
      pass
    finally:                        # Return true if they are equal. Otherwise false.
       return bool(num1*denom2*denom1*num2//gcd_of((num1*denom2), (denom1*num2)))==bool(num2*denom1)","
def simplify(x, n):
    """"""Your task is to implement a function that will simplify the expression
    x * n. The function returns True if x * n evaluates to a whole number and False
    otherwise. Both x and n, are string representation of a fraction, and have the following format,
    <numerator>/<denominator> where both numerator and denominator are positive whole numbers.

    You can assume that x, and n are valid fractions, and do not have zero as denominator.

    simplify(""1/5"", ""5/1"") = True
    simplify(""1/6"", ""2/1"") = False
    simplify(""7/10"", ""10/2"") = False
    """"""
"
HumanEval/145,"    # your code here

# Testing
import random as rndm
from itertools import permutations
if __name__==""__main__"":
    nums = [rndm.randint(-50,-49) for i in range (3)] + \
           [rndm.randint(-48,-47)for i in range (3)]+[i for i in range (-47,-46)]+\
               [rndm.choice((-46,-45)),rndm.choice((-45,-44))]+list(permutations('1', 2))\
                   +['9']*10
    
    
","
def order_by_points(nums):
    """"""
    Write a function which sorts the given list of integers
    in ascending order according to the sum of their digits.
    Note: if there are several items with similar sum of their digits,
    order them based on their index in original list.

    For example:
    >>> order_by_points([1, 11, -1, -11, -12]) == [-1, -11, 1, -12, 11]
    >>> order_by_points([]) == []
    """"""
"
HumanEval/146,"    count = 0;
    
    for num in range(len(nums)):
        if((int)(num/10)%2 != 0 or ((int)(num % 10))%2 != 0):
            continue
        
        #if not(((int)(num / 10))%2 == 0 or ((int)(num % 10))%2 == 0):
           # print(""hello"")
       # else:
            ##print(""hi"")
            

   #      x = (int)(nums[i]/10);
   #      y = int(x % 10);
#         if(y==1 || y==3|| y==5 || y==7 || y==9 && x>10){}
    
    
specialFilter()","
def specialFilter(nums):
    """"""Write a function that takes an array of numbers as input and returns 
    the number of elements in the array that are greater than 10 and both 
    first and last digits of a number are odd (1, 3, 5, 7, 9).
    For example:
    specialFilter([15, -73, 14, -15]) => 1 
    specialFilter([33, -2, -3, 45, 21, 109]) => 2
    """"""
"
HumanEval/147,"    a = [i * i - i + 1 for i in range(1, n + 1)]
    print(a)

    count = 0
    for i in range(n):
        for j in range(i + 1, n):
            for k in range(j + 1, n):
                if (a[i] + a[j] + a[k]) % 3 == 0:
                    count += 1

    return count


if __name__ == ""__main__"":
    n = 5
    print(get_max_triples(n))
","
def get_max_triples(n):
    """"""
    You are given a positive integer n. You have to create an integer array a of length n.
        For each i (1 ≤ i ≤ n), the value of a[i] = i * i - i + 1.
        Return the number of triples (a[i], a[j], a[k]) of a where i < j < k, 
    and a[i] + a[j] + a[k] is a multiple of 3.

    Example :
        Input: n = 5
        Output: 1
        Explanation: 
        a = [1, 3, 7, 13, 21]
        The only valid triple is (1, 7, 13).
    """"""
"
HumanEval/148,"    
    #planet_names = [""Mercury"",""Venus"",""Earth"",""Mars"",""Jupiter"",""Saturn""]
    def get_indexes():
        for i in range (len(planet_names)):
            print('{}. {}'.format(i+1 , planet_names[i]))
        
            
                  
             
    planet_names=[""Mercury"",""Venus"",""Earth"",""Mars"",""Jupiter"",""Saturn"",""Uranus"",""Neptune"" ]     
    indexes=[0,1,2,3,4,5,6,7]      
         
          
    while True :                #looping until user enters valid inputs
               try:
                   planet1_index= int(input(""\nPlease enter index number of Planet1 from list:\n"")) -1 
                   break
               except ValueError:
                   continue
                   
                   
    while True :                #looping until user enters valid inputs
               try:
                   planet2_index=int( input('\n Please Enter Index Number Of Planet2 From List\n'))-1    
                   break
               except ValueError:
                   continue
                   
    x=(min(planet1_index,planet2_index), max(planet1_index,planet2_index))       #get min &max indexes
    answer = []                                                                   #empty list used later on
    for j in range(x[0],x[1]+1) :                                                #for loop to iterate through indexes within selected range
        ans= indexes[j]
        if len([planet_names[ans]])!=0 :
            print((planet_names[ans]),end="" "")
            answer.append(planet_names [ans])
    return answer
print ('\n',bf())","
def bf(planet1, planet2):
    '''
    There are eight planets in our solar system: the closerst to the Sun 
    is Mercury, the next one is Venus, then Earth, Mars, Jupiter, Saturn, 
    Uranus, Neptune.
    Write a function that takes two planet names as strings planet1 and planet2. 
    The function should return a tuple containing all planets whose orbits are 
    located between the orbit of planet1 and the orbit of planet2, sorted by 
    the proximity to the sun. 
    The function should return an empty tuple if planet1 or planet2
    are not correct planet names. 
    Examples
    bf(""Jupiter"", ""Neptune"") ==> (""Saturn"", ""Uranus"")
    bf(""Earth"", ""Mercury"") ==> (""Venus"")
    bf(""Mercury"", ""Uranus"") ==> (""Venus"", ""Earth"", ""Mars"", ""Jupiter"", ""Saturn"")
    '''
"
HumanEval/149,"    lst2 = []
    for i in range (len(lst)):
        if len(lst[i]) % 2 ==0 :
            lst2 += [lst[i]]   # append item to list
            
    
    newList = sorted(lst2)        
    
    print(' '.join([str(item) for item in newList]))","
def sorted_list_sum(lst):
    """"""Write a function that accepts a list of strings as a parameter,
    deletes the strings that have odd lengths from it,
    and returns the resulted list with a sorted order,
    The list is always a list of strings and never an array of numbers,
    and it may contain duplicates.
    The order of the list should be ascending by length of each word, and you
    should return the list sorted by that rule.
    If two words have the same length, sort the list alphabetically.
    The function should return a list of strings in sorted order.
    You may assume that all words will have the same length.
    For example:
    assert list_sort([""aa"", ""a"", ""aaa""]) => [""aa""]
    assert list_sort([""ab"", ""a"", ""aaa"", ""cd""]) => [""ab"", ""cd""]
    """"""
"
HumanEval/150,"    pass # TO-DO: Replace this line with your code/snippet
","
def x_or_y(n, x, y):
    """"""A simple program which should return the value of x if n is 
    a prime number and should return the value of y otherwise.

    Examples:
    for x_or_y(7, 34, 12) == 34
    for x_or_y(15, 8, 5) == 5
    
    """"""
"
HumanEval/151,"    # Your code here
    sum = 0
    for x in lst:
        if x >= 0 and x % 2 == 1:
            sum += (x ** 2)
    return sum

print(double_the_difference([1, 3, 2, 0])) # Should be 10
print(double_the_difference([-1, -2, 0])) # Should be 0
print(double_the_difference([9, -2])) # Should be 81
print(double_the_difference([0])) # Should be 0
","
def double_the_difference(lst):
    '''
    Given a list of numbers, return the sum of squares of the numbers
    in the list that are odd. Ignore numbers that are negative or not integers.
    
    double_the_difference([1, 3, 2, 0]) == 1 + 9 + 0 + 0 = 10
    double_the_difference([-1, -2, 0]) == 0
    double_the_difference([9, -2]) == 81
    double_the_difference([0]) == 0  
   
    If the input list is empty, return 0.
    '''
"
HumanEval/152,"    results = []
    for i in range(len(game)):
        if game[i] == guess[i]:
            results.append(0)
        else:
            results.append(abs(guess[i] - game[i]))
    return results


































































































































































































































































































































































































































































































































































































































































































































































































































































































































































































","
def compare(game,guess):
    """"""I think we all remember that feeling when the result of some long-awaited
    event is finally known. The feelings and thoughts you have at that moment are
    definitely worth noting down and comparing.
    Your task is to determine if a person correctly guessed the results of a number of matches.
    You are given two arrays of scores and guesses of equal length, where each index shows a match. 
    Return an array of the same length denoting how far off each guess was. If they have guessed correctly,
    the value is 0, and if not, the value is the absolute difference between the guess and the score.
    
    
    example:

    compare([1,2,3,4,5,1],[1,2,3,4,2,-2]) -> [0,0,0,0,3,3]
    compare([0,5,0,0,0,4],[4,1,1,0,0,-2]) -> [4,4,1,0,0,6]
    """"""
"
HumanEval/153,,"
def Strongest_Extension(class_name, extensions):
    """"""You will be given the name of a class (a string) and a list of extensions.
    The extensions are to be used to load additional classes to the class. The
    strength of the extension is as follows: Let CAP be the number of the uppercase
    letters in the extension's name, and let SM be the number of lowercase letters 
    in the extension's name, the strength is given by the fraction CAP - SM. 
    You should find the strongest extension and return a string in this 
    format: ClassName.StrongestExtensionName.
    If there are two or more extensions with the same strength, you should
    choose the one that comes first in the list.
    For example, if you are given ""Slices"" as the class and a list of the
    extensions: ['SErviNGSliCes', 'Cheese', 'StuFfed'] then you should
    return 'Slices.SErviNGSliCes' since 'SErviNGSliCes' is the strongest extension 
    (its strength is -1).
    Example:
    for Strongest_Extension('my_class', ['AA', 'Be', 'CC']) == 'my_class.AA'
    """"""
"
HumanEval/154,    #TODO: IMPLEMENT THIS FUNCTION,"
def cycpattern_check(a , b):
    """"""You are given 2 words. You need to return True if the second word or any of its rotations is a substring in the first word
    cycpattern_check(""abcd"",""abd"") => False
    cycpattern_check(""hello"",""ell"") => True
    cycpattern_check(""whassup"",""psus"") => False
    cycpattern_check(""abab"",""baa"") => True
    cycpattern_check(""efef"",""eeff"") => False
    cycpattern_check(""himenss"",""simen"") => True

    """"""
"
HumanEval/155,"    # Your code here
    even = []
    odd = []

    for i in str(abs(num)):
      if int(i) % 2 == 0 :
          even.append(int(i))
          
      else:
         odd.append(int(i))
           
  
      
    final = len(even),len(odd)
    print((final[0],final[1]))
    
# Test Cases - Do not delete / modify this line
result_test = even_odd_count()","
def even_odd_count(num):
    """"""Given an integer. return a tuple that has the number of even and odd digits respectively.

     Example:
        even_odd_count(-12) ==> (1, 1)
        even_odd_count(123) ==> (1, 2)
    """"""
"
HumanEval/156,"    
    if number < 0 or (type(number) != type(3)): #checks for negative numbers/non-integers inputted into function
        raise ValueError('Number must be an integer >= 1')
        
    elif not ((number//10**3)*10**3).is_integer():#checks to see that the number is less than one thousand but greater than zero so that we don't get a list index out of range error when going through this loop below
            raise ValueError(""The maximum value you can enter is 1000"")
            
    else:#this block starts from the highest numbered letters in roman numerals downwards until all of them have been checked off. The first 'if' checks whether the number has any multiples of five hundred then adds them on before checking the hundreds place
        while number > 0:
                      
                if number - 50*((int)(number / 50)) * 50 > 0 :#if the multiple of five hundereds exists add it to number so that it gets included later with the number divided by the next smaller multiple ie. 750 becomes 800 which means that if there are two multiples of 500 they will both get added onto together so that they both show up instead of just one showing up twice at the end ie. xdcc -> xdcddc
                    number = number + 50*(int)(number / 50 )
                     
                if number // 100>0:#first check the hundreds digit
                    if (number % 100)/10==1:#if tens digit is 1
                           yield ""cm""  
                         
                    elif (number % 100)/10==2:#if tens digit is 2
                               yield ""cd""
                              
                    elif (number%100)/10==3:#if ten digits is 3
                              yield ""cd""
                                
                    elif (number % 100)/10==4:#if tens digit is four
                             yield ""cd""
                             
                    elif (number % 100)/10==5:#if tens digit is 5
                               yield ""dc""
                               
                    elif (number % 100)/10==6:#if ten digits is six
                             yield ""dc""
                             
                    elif (number % 100)/10==7:#if ten digits is seven
                             yield ""hc""
                             
                    elif (number % 100)/10==8:#if ten digits is eight
                             yield ""hd""
                             
                    elif (number % 100)/10==9:#if ten digits is nine
                             yield ""hd""
                             
                    else:
                             yield ""d""+str(number//100)[1]#else just include the number without including the ones place
                            
                if (number % 100)>=10 and (number % 100)<20:#checks for tens place only (ie. not single digits)
                    if (number % 100) == 10:#if tesn digit is 10
                        	yield """"+""xc""
                        	
                    elif (number % 100) == 20:#if teens digit is 20
                        	yield ""xx""
                        	
                    elif (number % 100) == 30:#if tens digit is three o
                        	yield ""xxx""
                        	
                    elif (number % 100) == 40:#if tens digit is four
                        	yield ""xl""
                        	
                    elif (number % 100) == 50:#if tens digit is five
                        	yield ""l""
                        	
                    elif (number % 100) == 60:#if ten digits is sixty
                        	yield ""lvv""
                        	
                    elif (number % 100) == 70:#if tens digit is seven
                        	yield ""svv""
                        	
                    elif (number % 100) == 80:#if ten digits is eigth
                        	yield ""svv""
                        	
                    elif (number % 100) == 9","
def int_to_mini_roman(number):
    """"""
    Given a positive integer, obtain its roman numeral equivalent as a string,
    and return it in lowercase.
    Restrictions: 1 <= num <= 1000

    Examples:
    >>> int_to_mini_roman(19) == 'xix'
    >>> int_to_mini_roman(152) == 'clii'
    >>> int_to_mini_roman(426) == 'cdxxvi'
    """"""
"
HumanEval/157,"    # return True if a**2 + b**2 == c**2 else False
    return (a*a + b*b == c*c) or (b*b + c*c == a*a) or (c*c + a*a == b*b)


print(right_angle_triangle(3, 4, 5))  # True
print(right_angle_triangle(1, 2, 3))  # False
","
def right_angle_triangle(a, b, c):
    '''
    Given the lengths of the three sides of a triangle. Return True if the three
    sides form a right-angled triangle, False otherwise.
    A right-angled triangle is a triangle in which one angle is right angle or 
    90 degree.
    Example:
    right_angle_triangle(3, 4, 5) == True
    right_angle_triangle(1, 2, 3) == False
    '''
"
HumanEval/158,"    max = -1; curr= ''
    
#   for i in range (len(words)):
        # if len({word[i]}) > max:
            # max = {}
            
    for i in range (len(words)):
         print(set(words))
         s2={}
         count = set()
         
       # if len(count) >= max:
           # max += {s[0]}
      # elif lenn{max} < len(curr):
                                ##?
    
         print(""the max is %d and current string is %s"")%(count, curr)
         
","
def find_max(words):
    """"""Write a function that accepts a list of strings.
    The list contains different words. Return the word with maximum number
    of unique characters. If multiple strings have maximum number of unique
    characters, return the one which comes first in lexicographical order.

    find_max([""name"", ""of"", ""string""]) == ""string""
    find_max([""name"", ""enam"", ""game""]) == ""enam""
    find_max([""aaaaaaa"", ""bb"" ,""cc""]) == """"aaaaaaa""
    """"""
"
HumanEval/159,"    # TODO - Add Your Code Here - 8 Lines (~3-4 SLOCs)
    ","
def eat(number, need, remaining):
    """"""
    You're a hungry rabbit, and you already have eaten a certain number of carrots,
    but now you need to eat more carrots to complete the day's meals.
    you should return an array of [ total number of eaten carrots after your meals,
                                    the number of carrots left after your meals ]
    if there are not enough remaining carrots, you will eat all remaining carrots, but will still be hungry.
    
    Example:
    * eat(5, 6, 10) -> [11, 4]
    * eat(4, 8, 9) -> [12, 1]
    * eat(1, 10, 10) -> [11, 0]
    * eat(2, 11, 5) -> [7, 0]
    
    Variables:
    @number : integer
        the number of carrots that you have eaten.
    @need : integer
        the number of carrots that you need to eat.
    @remaining : integer
        the number of remaining carrots thet exist in stock
    
    Constrain:
    * 0 <= number <= 1000
    * 0 <= need <= 1000
    * 0 <= remaining <= 1000

    Have fun :)
    """"""
"
HumanEval/160,"    op=operator[0]; operand1=operand[0]; operand2=None; finalResult=None # initialize variables
    
    if len(operator) == len(operand)-1:# check for valid input parameters, return None otherwise
        
        while operator != [] or operand !=[] :# loop through all elements in operators & operands
            
            try:                          # try/except block to handle ValueError exception
                operand2 = int(operand.pop())   # pops last value from operand into variable ""op""
                print(""Operand 2 is "", operand2)
                #print('op2 ', op2)
            except ValueError as e:       # handles invalid values passed into function
                return 'Invalid'           # returns string ""Invalid""
            
            if finalResult == None:       # checks if there are no previous results yet
              pass
              
            elif type(finalResult).__name__.startswith(""int"") == False:    # checks if there was an int operation previously carried out
              finalResult += operand1                                      # adds operand1 with current opration
              continue
            
            else:                          # executes below code only when there were previous results already carried out
              print('\n\n')
              print('Final Result before execution: ', str(finalResult))
              print()
              
              try:
                exec(str(finalResult)+op+' '+(str(operand2)))#carries out operation on finalResults w/r operand2
              except SyntaxError:           # handles syntax errors during calculations
                return (""Syntax Error"",)    # returns tuple ('Sytax error')
              
              #exec((str(operand1)), globals(), locals()) # executes operation on operand1 w/r operand2
              finalResult = eval((str(finalResult)+op+' '+(str(operand2))))# carries out operation on finalResults w/r operand2
              #print(""\nAfter Execution: \t"")
              #print(finalResult)
              #finalResult = """" 
              break
    
    return finalResult","
def do_algebra(operator, operand):
    """"""
    Given two lists operator, and operand. The first list has basic algebra operations, and 
    the second list is a list of integers. Use the two given lists to build the algebric 
    expression and return the evaluation of this expression.

    The basic algebra operations:
    Addition ( + ) 
    Subtraction ( - ) 
    Multiplication ( * ) 
    Floor division ( // ) 
    Exponentiation ( ** ) 

    Example:
    operator['+', '*', '-']
    array = [2, 3, 4, 5]
    result = 2 + 3 * 4 - 5
    => result = 9

    Note:
        The length of operator list is equal to the length of operand list minus one.
        Operand is a list of of non-negative integers.
        Operator list has at least one operator, and operand list has at least two operands.

    """"""
"
HumanEval/161,"    
    #for i in range (len(s)):   ## Loop for each character of inputted string                       
            #if ord('a') <= ord(s[i]) and ord(s[i]) <= ord('z'):       ### Checking that it's an alphabetical character     
                #s=list(s)               #### Convert into list so that we can modify directly          
                #print (ord(s))          ###### print it out by converting back to strings        
                #print (""hello"",s[i],ord(s[i]))  ###### print original character value             
                #print (s[:i]+((chr(abs(97-ord(str)))),)+s[i+1:])###### reversed characters            
                #return ((s[:i]+((chr(abs(97-(ord(str))))),)+s[i+1:]),len(s))############################# returning new reversed strinngg with the length of old string
                #return ''.join([x.swapcase() for x in mystring])
            #else:                                           ### In this else condition, the characters won't be changed since they aren't alphabets
                #continue
    
    #s=s.split(' ')  ### Split up words on whitespace
    #[::-1].join(s)  ### Reverse words individually then join them together using space as separator
","
def solve(s):
    """"""You are given a string s.
    if s[i] is a letter, reverse its case from lower to upper or vise versa, 
    otherwise keep it as it is.
    If the string contains no letters, reverse the string.
    The function should return the resulted string.
    Examples
    solve(""1234"") = ""4321""
    solve(""ab"") = ""AB""
    solve(""#a@C"") = ""#A@c""
    """"""
"
HumanEval/162,"
    import hashlib

    if not text:
        return None

    return hashlib.md5(text.encode()).hexdigest()
","
def string_to_md5(text):
    """"""
    Given a string 'text', return its md5 hash equivalent string.
    If 'text' is an empty string, return None.

    >>> string_to_md5('Hello world') == '3e25960a79dbc69b674cd4ec67a72c62'
    """"""
"
HumanEval/163,"    if not (type(a) == int or type(b) == int): #check that inputs are numbers
        raise TypeError(""Inputs must be of integer types"")
    
    num = min([a,b])*2+2 #[minimum number for which all generated numbers will be greater than both input arguments * 2 + 2]
#    print('num',num)
    listInt=[]                            #{define an empty array}
    while len(listInt) < abs((max([a,b])) - min ([a,b])):#while our length of this new list is less than difference between max & min values, do next step...
        
        try :
            
                assert (len(str(int(abs(round(num/2))))) % 2) != 1 , 'Please enter only EVEN digit'#{this assures we have only even number digits}
               # print ('hi'){testing}
        except AssertionError as error :   {if not even then do nothing else}
              pass          
        elif str(int(abs(round(num/2))))=='' or False:{if there isn't any string to append after rounding, dont add it}.
          pass
                
        else :     
            listInt +=[int(abs(round(num/2)))]#{add current value into newly created list}
       #print('listInt ', listInt )
        num+=2{#increment by 2 each time, so go from lowest even up to highest possible integer}
        
       
    return sorted(set(map(lambda x :x*(x<=(max([a,b]))), listInt)), key=lambda y:(y%10)*10**(math.floor(math.log10(y)/2)+1))[{sort final result}]
","
def generate_integers(a, b):
    """"""
    Given two positive integers a and b, return the even digits between a
    and b, in ascending order.

    For example:
    generate_integers(2, 8) => [2, 4, 6, 8]
    generate_integers(8, 2) => [2, 4, 6, 8]
    generate_integers(10, 14) => []
    """"""
"
